PCR Plate	PCR Plate Location	Sample Name	Primer Plate	Primer Plate Well	Primer Name	Illumina 5' Adapter	Golay Barcode	Forward Primer Pad	Forward Primer Linker	515FB Forward Primer (Parada)	Primer For PCR
Plate 1	A1	1c	1	A1	515rcbc0	AATGATACGGCGACCACCGAGATCTACACGCT	AGCCTTCGTCGC	TATGGTAATT	GT	GTGYCAGCMGCCGCGGTAA	AATGATACGGCGACCACCGAGATCTACACGCTAGCCTTCGTCGCTATGGTAATTGTGTGYCAGCMGCCGCGGTAA
Plate 1	B1	2c	1	B1	515rcbc12	AATGATACGGCGACCACCGAGATCTACACGCT	CGTATAAATGCG	TATGGTAATT	GT	GTGYCAGCMGCCGCGGTAA	AATGATACGGCGACCACCGAGATCTACACGCTCGTATAAATGCGTATGGTAATTGTGTGYCAGCMGCCGCGGTAA
Plate 1	C1	3c	1	C1	515rcbc24	AATGATACGGCGACCACCGAGATCTACACGCT	TGACTAATGGCC	TATGGTAATT	GT	GTGYCAGCMGCCGCGGTAA	AATGATACGGCGACCACCGAGATCTACACGCTTGACTAATGGCCTATGGTAATTGTGTGYCAGCMGCCGCGGTAA
Plate 1	D1	4c	1	D1	515rcbc36	AATGATACGGCGACCACCGAGATCTACACGCT	GTGGAGTCTCAT	TATGGTAATT	GT	GTGYCAGCMGCCGCGGTAA	AATGATACGGCGACCACCGAGATCTACACGCTGTGGAGTCTCATTATGGTAATTGTGTGYCAGCMGCCGCGGTAA
Plate 1	E1	5c	1	E1	515rcbc48	AATGATACGGCGACCACCGAGATCTACACGCT	TGATGTGCTAAG	TATGGTAATT	GT	GTGYCAGCMGCCGCGGTAA	AATGATACGGCGACCACCGAGATCTACACGCTTGATGTGCTAAGTATGGTAATTGTGTGYCAGCMGCCGCGGTAA
Plate 1	F1	6c	1	F1	515rcbc60	AATGATACGGCGACCACCGAGATCTACACGCT	TGTGCACGCCAT	TATGGTAATT	GT	GTGYCAGCMGCCGCGGTAA	AATGATACGGCGACCACCGAGATCTACACGCTTGTGCACGCCATTATGGTAATTGTGTGYCAGCMGCCGCGGTAA
Plate 1	G1	7c	1	G1	515rcbc72	AATGATACGGCGACCACCGAGATCTACACGCT	GGTGAGCAAGCA	TATGGTAATT	GT	GTGYCAGCMGCCGCGGTAA	AATGATACGGCGACCACCGAGATCTACACGCTGGTGAGCAAGCATATGGTAATTGTGTGYCAGCMGCCGCGGTAA
Plate 1	H1	8c	1	H1	515rcbc84	AATGATACGGCGACCACCGAGATCTACACGCT	CTATGTATTAGT	TATGGTAATT	GT	GTGYCAGCMGCCGCGGTAA	AATGATACGGCGACCACCGAGATCTACACGCTCTATGTATTAGTTATGGTAATTGTGTGYCAGCMGCCGCGGTAA
Plate 1	A2	9c	1	A2	515rcbc1	AATGATACGGCGACCACCGAGATCTACACGCT	TCCATACCGGAA	TATGGTAATT	GT	GTGYCAGCMGCCGCGGTAA	AATGATACGGCGACCACCGAGATCTACACGCTTCCATACCGGAATATGGTAATTGTGTGYCAGCMGCCGCGGTAA
Plate 1	B2	10c	1	B2	515rcbc13	AATGATACGGCGACCACCGAGATCTACACGCT	ATGCTGCAACAC	TATGGTAATT	GT	GTGYCAGCMGCCGCGGTAA	AATGATACGGCGACCACCGAGATCTACACGCTATGCTGCAACACTATGGTAATTGTGTGYCAGCMGCCGCGGTAA
Plate 1	C2	11c	1	C2	515rcbc25	AATGATACGGCGACCACCGAGATCTACACGCT	CGGGACACCCGA	TATGGTAATT	GT	GTGYCAGCMGCCGCGGTAA	AATGATACGGCGACCACCGAGATCTACACGCTCGGGACACCCGATATGGTAATTGTGTGYCAGCMGCCGCGGTAA
Plate 1	D2	12c	1	D2	515rcbc37	AATGATACGGCGACCACCGAGATCTACACGCT	ACCTTACACCTT	TATGGTAATT	GT	GTGYCAGCMGCCGCGGTAA	AATGATACGGCGACCACCGAGATCTACACGCTACCTTACACCTTTATGGTAATTGTGTGYCAGCMGCCGCGGTAA
Plate 1	E2	13c	1	E2	515rcbc49	AATGATACGGCGACCACCGAGATCTACACGCT	GTAGTAGACCAT	TATGGTAATT	GT	GTGYCAGCMGCCGCGGTAA	AATGATACGGCGACCACCGAGATCTACACGCTGTAGTAGACCATTATGGTAATTGTGTGYCAGCMGCCGCGGTAA
Plate 1	F2	14c	1	F2	515rcbc61	AATGATACGGCGACCACCGAGATCTACACGCT	CCGGACAAGAAG	TATGGTAATT	GT	GTGYCAGCMGCCGCGGTAA	AATGATACGGCGACCACCGAGATCTACACGCTCCGGACAAGAAGTATGGTAATTGTGTGYCAGCMGCCGCGGTAA
Plate 1	G2	15c	1	G2	515rcbc73	AATGATACGGCGACCACCGAGATCTACACGCT	TAAATATACCCT	TATGGTAATT	GT	GTGYCAGCMGCCGCGGTAA	AATGATACGGCGACCACCGAGATCTACACGCTTAAATATACCCTTATGGTAATTGTGTGYCAGCMGCCGCGGTAA
Plate 1	H2	16c	1	H2	515rcbc85	AATGATACGGCGACCACCGAGATCTACACGCT	ACTCCCGTGTGA	TATGGTAATT	GT	GTGYCAGCMGCCGCGGTAA	AATGATACGGCGACCACCGAGATCTACACGCTACTCCCGTGTGATATGGTAATTGTGTGYCAGCMGCCGCGGTAA
Plate 1	A3	17c	1	A3	515rcbc2	AATGATACGGCGACCACCGAGATCTACACGCT	AGCCCTGCTACA	TATGGTAATT	GT	GTGYCAGCMGCCGCGGTAA	AATGATACGGCGACCACCGAGATCTACACGCTAGCCCTGCTACATATGGTAATTGTGTGYCAGCMGCCGCGGTAA
Plate 1	B3	18c	1	B3	515rcbc14	AATGATACGGCGACCACCGAGATCTACACGCT	ACTCGCTCGCTG	TATGGTAATT	GT	GTGYCAGCMGCCGCGGTAA	AATGATACGGCGACCACCGAGATCTACACGCTACTCGCTCGCTGTATGGTAATTGTGTGYCAGCMGCCGCGGTAA
Plate 1	C3	19c	1	C3	515rcbc26	AATGATACGGCGACCACCGAGATCTACACGCT	CTGTCTATACTA	TATGGTAATT	GT	GTGYCAGCMGCCGCGGTAA	AATGATACGGCGACCACCGAGATCTACACGCTCTGTCTATACTATATGGTAATTGTGTGYCAGCMGCCGCGGTAA
Plate 1	D3	20c	1	D3	515rcbc38	AATGATACGGCGACCACCGAGATCTACACGCT	TAATCTCGCCGG	TATGGTAATT	GT	GTGYCAGCMGCCGCGGTAA	AATGATACGGCGACCACCGAGATCTACACGCTTAATCTCGCCGGTATGGTAATTGTGTGYCAGCMGCCGCGGTAA
Plate 1	E3	21c	1	E3	515rcbc50	AATGATACGGCGACCACCGAGATCTACACGCT	AGTAAAGATCGT	TATGGTAATT	GT	GTGYCAGCMGCCGCGGTAA	AATGATACGGCGACCACCGAGATCTACACGCTAGTAAAGATCGTTATGGTAATTGTGTGYCAGCMGCCGCGGTAA
Plate 1	F3	22c	1	F3	515rcbc62	AATGATACGGCGACCACCGAGATCTACACGCT	TTGCTGGACGCT	TATGGTAATT	GT	GTGYCAGCMGCCGCGGTAA	AATGATACGGCGACCACCGAGATCTACACGCTTTGCTGGACGCTTATGGTAATTGTGTGYCAGCMGCCGCGGTAA
Plate 1	G3	23c	1	G3	515rcbc74	AATGATACGGCGACCACCGAGATCTACACGCT	TTGCGGACCCTA	TATGGTAATT	GT	GTGYCAGCMGCCGCGGTAA	AATGATACGGCGACCACCGAGATCTACACGCTTTGCGGACCCTATATGGTAATTGTGTGYCAGCMGCCGCGGTAA
Plate 1	H3	24c	1	H3	515rcbc86	AATGATACGGCGACCACCGAGATCTACACGCT	CGGTATAGCAAT	TATGGTAATT	GT	GTGYCAGCMGCCGCGGTAA	AATGATACGGCGACCACCGAGATCTACACGCTCGGTATAGCAATTATGGTAATTGTGTGYCAGCMGCCGCGGTAA
Plate 1	A4	25c	1	A4	515rcbc3	AATGATACGGCGACCACCGAGATCTACACGCT	CCTAACGGTCCA	TATGGTAATT	GT	GTGYCAGCMGCCGCGGTAA	AATGATACGGCGACCACCGAGATCTACACGCTCCTAACGGTCCATATGGTAATTGTGTGYCAGCMGCCGCGGTAA
Plate 1	B4	26c	1	B4	515rcbc15	AATGATACGGCGACCACCGAGATCTACACGCT	TTCCTTAGTAGT	TATGGTAATT	GT	GTGYCAGCMGCCGCGGTAA	AATGATACGGCGACCACCGAGATCTACACGCTTTCCTTAGTAGTTATGGTAATTGTGTGYCAGCMGCCGCGGTAA
Plate 1	C4	27c	1	C4	515rcbc27	AATGATACGGCGACCACCGAGATCTACACGCT	TATGCCAGAGAT	TATGGTAATT	GT	GTGYCAGCMGCCGCGGTAA	AATGATACGGCGACCACCGAGATCTACACGCTTATGCCAGAGATTATGGTAATTGTGTGYCAGCMGCCGCGGTAA
Plate 1	D4	28c	1	D4	515rcbc39	AATGATACGGCGACCACCGAGATCTACACGCT	ATCTAGTGGCAA	TATGGTAATT	GT	GTGYCAGCMGCCGCGGTAA	AATGATACGGCGACCACCGAGATCTACACGCTATCTAGTGGCAATATGGTAATTGTGTGYCAGCMGCCGCGGTAA
Plate 1	E4	29c	1	E4	515rcbc51	AATGATACGGCGACCACCGAGATCTACACGCT	CTCGCCCTCGCC	TATGGTAATT	GT	GTGYCAGCMGCCGCGGTAA	AATGATACGGCGACCACCGAGATCTACACGCTCTCGCCCTCGCCTATGGTAATTGTGTGYCAGCMGCCGCGGTAA
Plate 1	F4	30c	1	F4	515rcbc63	AATGATACGGCGACCACCGAGATCTACACGCT	TACTAACGCGGT	TATGGTAATT	GT	GTGYCAGCMGCCGCGGTAA	AATGATACGGCGACCACCGAGATCTACACGCTTACTAACGCGGTTATGGTAATTGTGTGYCAGCMGCCGCGGTAA
Plate 1	G4	31c	1	G4	515rcbc75	AATGATACGGCGACCACCGAGATCTACACGCT	GTCGTCCAAATG	TATGGTAATT	GT	GTGYCAGCMGCCGCGGTAA	AATGATACGGCGACCACCGAGATCTACACGCTGTCGTCCAAATGTATGGTAATTGTGTGYCAGCMGCCGCGGTAA
Plate 1	H4	32c	1	H4	515rcbc87	AATGATACGGCGACCACCGAGATCTACACGCT	GACTCTGCTCAG	TATGGTAATT	GT	GTGYCAGCMGCCGCGGTAA	AATGATACGGCGACCACCGAGATCTACACGCTGACTCTGCTCAGTATGGTAATTGTGTGYCAGCMGCCGCGGTAA
Plate 1	A5	33c	1	A5	515rcbc4	AATGATACGGCGACCACCGAGATCTACACGCT	CGCGCCTTAAAC	TATGGTAATT	GT	GTGYCAGCMGCCGCGGTAA	AATGATACGGCGACCACCGAGATCTACACGCTCGCGCCTTAAACTATGGTAATTGTGTGYCAGCMGCCGCGGTAA
Plate 1	B5	34c	1	B5	515rcbc16	AATGATACGGCGACCACCGAGATCTACACGCT	CGTCCGTATGAA	TATGGTAATT	GT	GTGYCAGCMGCCGCGGTAA	AATGATACGGCGACCACCGAGATCTACACGCTCGTCCGTATGAATATGGTAATTGTGTGYCAGCMGCCGCGGTAA
Plate 1	C5	35c	1	C5	515rcbc28	AATGATACGGCGACCACCGAGATCTACACGCT	CGTTTGGAATGA	TATGGTAATT	GT	GTGYCAGCMGCCGCGGTAA	AATGATACGGCGACCACCGAGATCTACACGCTCGTTTGGAATGATATGGTAATTGTGTGYCAGCMGCCGCGGTAA
Plate 1	D5	36c	1	D5	515rcbc40	AATGATACGGCGACCACCGAGATCTACACGCT	ACGCTTAACGAC	TATGGTAATT	GT	GTGYCAGCMGCCGCGGTAA	AATGATACGGCGACCACCGAGATCTACACGCTACGCTTAACGACTATGGTAATTGTGTGYCAGCMGCCGCGGTAA
Plate 1	E5	37c	1	E5	515rcbc52	AATGATACGGCGACCACCGAGATCTACACGCT	TCTCTTTCGACA	TATGGTAATT	GT	GTGYCAGCMGCCGCGGTAA	AATGATACGGCGACCACCGAGATCTACACGCTTCTCTTTCGACATATGGTAATTGTGTGYCAGCMGCCGCGGTAA
Plate 1	F5	38c	1	F5	515rcbc64	AATGATACGGCGACCACCGAGATCTACACGCT	GCGATCACACCT	TATGGTAATT	GT	GTGYCAGCMGCCGCGGTAA	AATGATACGGCGACCACCGAGATCTACACGCTGCGATCACACCTTATGGTAATTGTGTGYCAGCMGCCGCGGTAA
Plate 1	G5	39c	1	G5	515rcbc76	AATGATACGGCGACCACCGAGATCTACACGCT	TGCACAGTCGCT	TATGGTAATT	GT	GTGYCAGCMGCCGCGGTAA	AATGATACGGCGACCACCGAGATCTACACGCTTGCACAGTCGCTTATGGTAATTGTGTGYCAGCMGCCGCGGTAA
Plate 1	H5	40c	1	H5	515rcbc88	AATGATACGGCGACCACCGAGATCTACACGCT	GTCATGCTCCAG	TATGGTAATT	GT	GTGYCAGCMGCCGCGGTAA	AATGATACGGCGACCACCGAGATCTACACGCTGTCATGCTCCAGTATGGTAATTGTGTGYCAGCMGCCGCGGTAA
Plate 1	A6	41c	1	A6	515rcbc5	AATGATACGGCGACCACCGAGATCTACACGCT	TATGGTACCCAG	TATGGTAATT	GT	GTGYCAGCMGCCGCGGTAA	AATGATACGGCGACCACCGAGATCTACACGCTTATGGTACCCAGTATGGTAATTGTGTGYCAGCMGCCGCGGTAA
Plate 1	B6	42c	1	B6	515rcbc17	AATGATACGGCGACCACCGAGATCTACACGCT	ACGTGAGGAACG	TATGGTAATT	GT	GTGYCAGCMGCCGCGGTAA	AATGATACGGCGACCACCGAGATCTACACGCTACGTGAGGAACGTATGGTAATTGTGTGYCAGCMGCCGCGGTAA
Plate 1	C6	43c	1	C6	515rcbc29	AATGATACGGCGACCACCGAGATCTACACGCT	AAGAACTCATGA	TATGGTAATT	GT	GTGYCAGCMGCCGCGGTAA	AATGATACGGCGACCACCGAGATCTACACGCTAAGAACTCATGATATGGTAATTGTGTGYCAGCMGCCGCGGTAA
Plate 1	D6	44c	1	D6	515rcbc41	AATGATACGGCGACCACCGAGATCTACACGCT	TACGGATTATGG	TATGGTAATT	GT	GTGYCAGCMGCCGCGGTAA	AATGATACGGCGACCACCGAGATCTACACGCTTACGGATTATGGTATGGTAATTGTGTGYCAGCMGCCGCGGTAA
Plate 1	E6	45c	1	E6	515rcbc53	AATGATACGGCGACCACCGAGATCTACACGCT	ACATACTGAGCA	TATGGTAATT	GT	GTGYCAGCMGCCGCGGTAA	AATGATACGGCGACCACCGAGATCTACACGCTACATACTGAGCATATGGTAATTGTGTGYCAGCMGCCGCGGTAA
Plate 1	F6	46c	1	F6	515rcbc65	AATGATACGGCGACCACCGAGATCTACACGCT	CAAACGCACTAA	TATGGTAATT	GT	GTGYCAGCMGCCGCGGTAA	AATGATACGGCGACCACCGAGATCTACACGCTCAAACGCACTAATATGGTAATTGTGTGYCAGCMGCCGCGGTAA
Plate 1	G6	47c	1	G6	515rcbc77	AATGATACGGCGACCACCGAGATCTACACGCT	TTACTGTGGCCG	TATGGTAATT	GT	GTGYCAGCMGCCGCGGTAA	AATGATACGGCGACCACCGAGATCTACACGCTTTACTGTGGCCGTATGGTAATTGTGTGYCAGCMGCCGCGGTAA
Plate 1	H6	48c	1	H6	515rcbc89	AATGATACGGCGACCACCGAGATCTACACGCT	TACCGAAGGTAT	TATGGTAATT	GT	GTGYCAGCMGCCGCGGTAA	AATGATACGGCGACCACCGAGATCTACACGCTTACCGAAGGTATTATGGTAATTGTGTGYCAGCMGCCGCGGTAA
Plate 1	A7	49c	1	A7	515rcbc6	AATGATACGGCGACCACCGAGATCTACACGCT	TACAATATCTGT	TATGGTAATT	GT	GTGYCAGCMGCCGCGGTAA	AATGATACGGCGACCACCGAGATCTACACGCTTACAATATCTGTTATGGTAATTGTGTGYCAGCMGCCGCGGTAA
Plate 1	B7	50c	1	B7	515rcbc18	AATGATACGGCGACCACCGAGATCTACACGCT	GGTTGCCCTGTA	TATGGTAATT	GT	GTGYCAGCMGCCGCGGTAA	AATGATACGGCGACCACCGAGATCTACACGCTGGTTGCCCTGTATATGGTAATTGTGTGYCAGCMGCCGCGGTAA
Plate 1	C7	51c	1	C7	515rcbc30	AATGATACGGCGACCACCGAGATCTACACGCT	TGATATCGTCTT	TATGGTAATT	GT	GTGYCAGCMGCCGCGGTAA	AATGATACGGCGACCACCGAGATCTACACGCTTGATATCGTCTTTATGGTAATTGTGTGYCAGCMGCCGCGGTAA
Plate 1	D7	52c	1	D7	515rcbc42	AATGATACGGCGACCACCGAGATCTACACGCT	ATACATGCAAGA	TATGGTAATT	GT	GTGYCAGCMGCCGCGGTAA	AATGATACGGCGACCACCGAGATCTACACGCTATACATGCAAGATATGGTAATTGTGTGYCAGCMGCCGCGGTAA
Plate 1	E7	53c	1	E7	515rcbc54	AATGATACGGCGACCACCGAGATCTACACGCT	GTTGATACGATG	TATGGTAATT	GT	GTGYCAGCMGCCGCGGTAA	AATGATACGGCGACCACCGAGATCTACACGCTGTTGATACGATGTATGGTAATTGTGTGYCAGCMGCCGCGGTAA
Plate 1	F7	54c	1	F7	515rcbc66	AATGATACGGCGACCACCGAGATCTACACGCT	GAAGAGGGTTGA	TATGGTAATT	GT	GTGYCAGCMGCCGCGGTAA	AATGATACGGCGACCACCGAGATCTACACGCTGAAGAGGGTTGATATGGTAATTGTGTGYCAGCMGCCGCGGTAA
Plate 1	G7	55c	1	G7	515rcbc78	AATGATACGGCGACCACCGAGATCTACACGCT	GGTTCATGAACA	TATGGTAATT	GT	GTGYCAGCMGCCGCGGTAA	AATGATACGGCGACCACCGAGATCTACACGCTGGTTCATGAACATATGGTAATTGTGTGYCAGCMGCCGCGGTAA
Plate 1	H7	56c	1	H7	515rcbc90	AATGATACGGCGACCACCGAGATCTACACGCT	TGAGTATGAGTA	TATGGTAATT	GT	GTGYCAGCMGCCGCGGTAA	AATGATACGGCGACCACCGAGATCTACACGCTTGAGTATGAGTATATGGTAATTGTGTGYCAGCMGCCGCGGTAA
Plate 1	A8	57c	1	A8	515rcbc7	AATGATACGGCGACCACCGAGATCTACACGCT	AATTTAGGTAGG	TATGGTAATT	GT	GTGYCAGCMGCCGCGGTAA	AATGATACGGCGACCACCGAGATCTACACGCTAATTTAGGTAGGTATGGTAATTGTGTGYCAGCMGCCGCGGTAA
Plate 1	B8	58c	1	B8	515rcbc19	AATGATACGGCGACCACCGAGATCTACACGCT	CATATAGCCCGA	TATGGTAATT	GT	GTGYCAGCMGCCGCGGTAA	AATGATACGGCGACCACCGAGATCTACACGCTCATATAGCCCGATATGGTAATTGTGTGYCAGCMGCCGCGGTAA
Plate 1	C8	59c	1	C8	515rcbc31	AATGATACGGCGACCACCGAGATCTACACGCT	CGGTGACCTACT	TATGGTAATT	GT	GTGYCAGCMGCCGCGGTAA	AATGATACGGCGACCACCGAGATCTACACGCTCGGTGACCTACTTATGGTAATTGTGTGYCAGCMGCCGCGGTAA
Plate 1	D8	60c	1	D8	515rcbc43	AATGATACGGCGACCACCGAGATCTACACGCT	CTTAGTGCAGAA	TATGGTAATT	GT	GTGYCAGCMGCCGCGGTAA	AATGATACGGCGACCACCGAGATCTACACGCTCTTAGTGCAGAATATGGTAATTGTGTGYCAGCMGCCGCGGTAA
Plate 1	E8	61c	1	E8	515rcbc55	AATGATACGGCGACCACCGAGATCTACACGCT	GTCAACGCTGTC	TATGGTAATT	GT	GTGYCAGCMGCCGCGGTAA	AATGATACGGCGACCACCGAGATCTACACGCTGTCAACGCTGTCTATGGTAATTGTGTGYCAGCMGCCGCGGTAA
Plate 1	F8	62c	1	F8	515rcbc67	AATGATACGGCGACCACCGAGATCTACACGCT	TGAGTGGTCTGT	TATGGTAATT	GT	GTGYCAGCMGCCGCGGTAA	AATGATACGGCGACCACCGAGATCTACACGCTTGAGTGGTCTGTTATGGTAATTGTGTGYCAGCMGCCGCGGTAA
Plate 1	G8	63c	1	G8	515rcbc79	AATGATACGGCGACCACCGAGATCTACACGCT	TAACAATAATTC	TATGGTAATT	GT	GTGYCAGCMGCCGCGGTAA	AATGATACGGCGACCACCGAGATCTACACGCTTAACAATAATTCTATGGTAATTGTGTGYCAGCMGCCGCGGTAA
Plate 1	H8	64c	1	H8	515rcbc91	AATGATACGGCGACCACCGAGATCTACACGCT	AATGGTTCAGCA	TATGGTAATT	GT	GTGYCAGCMGCCGCGGTAA	AATGATACGGCGACCACCGAGATCTACACGCTAATGGTTCAGCATATGGTAATTGTGTGYCAGCMGCCGCGGTAA
Plate 1	A9	65c	1	A9	515rcbc8	AATGATACGGCGACCACCGAGATCTACACGCT	GACTCAACCAGT	TATGGTAATT	GT	GTGYCAGCMGCCGCGGTAA	AATGATACGGCGACCACCGAGATCTACACGCTGACTCAACCAGTTATGGTAATTGTGTGYCAGCMGCCGCGGTAA
Plate 1	B9	66c	1	B9	515rcbc20	AATGATACGGCGACCACCGAGATCTACACGCT	GCCTATGAGATC	TATGGTAATT	GT	GTGYCAGCMGCCGCGGTAA	AATGATACGGCGACCACCGAGATCTACACGCTGCCTATGAGATCTATGGTAATTGTGTGYCAGCMGCCGCGGTAA
Plate 1	C9	67c	1	C9	515rcbc32	AATGATACGGCGACCACCGAGATCTACACGCT	AATGCGCGTATA	TATGGTAATT	GT	GTGYCAGCMGCCGCGGTAA	AATGATACGGCGACCACCGAGATCTACACGCTAATGCGCGTATATATGGTAATTGTGTGYCAGCMGCCGCGGTAA
Plate 1	D9	68c	1	D9	515rcbc44	AATGATACGGCGACCACCGAGATCTACACGCT	AATCTTGCGCCG	TATGGTAATT	GT	GTGYCAGCMGCCGCGGTAA	AATGATACGGCGACCACCGAGATCTACACGCTAATCTTGCGCCGTATGGTAATTGTGTGYCAGCMGCCGCGGTAA
Plate 1	E9	69c	1	E9	515rcbc56	AATGATACGGCGACCACCGAGATCTACACGCT	TGAGACCCTACA	TATGGTAATT	GT	GTGYCAGCMGCCGCGGTAA	AATGATACGGCGACCACCGAGATCTACACGCTTGAGACCCTACATATGGTAATTGTGTGYCAGCMGCCGCGGTAA
Plate 1	F9	70c	1	F9	515rcbc68	AATGATACGGCGACCACCGAGATCTACACGCT	TTACACAAAGGC	TATGGTAATT	GT	GTGYCAGCMGCCGCGGTAA	AATGATACGGCGACCACCGAGATCTACACGCTTTACACAAAGGCTATGGTAATTGTGTGYCAGCMGCCGCGGTAA
Plate 1	G9	71c	1	G9	515rcbc80	AATGATACGGCGACCACCGAGATCTACACGCT	CTTATTAAACGT	TATGGTAATT	GT	GTGYCAGCMGCCGCGGTAA	AATGATACGGCGACCACCGAGATCTACACGCTCTTATTAAACGTTATGGTAATTGTGTGYCAGCMGCCGCGGTAA
Plate 1	H9	72c	1	H9	515rcbc92	AATGATACGGCGACCACCGAGATCTACACGCT	GAACCAGTACTC	TATGGTAATT	GT	GTGYCAGCMGCCGCGGTAA	AATGATACGGCGACCACCGAGATCTACACGCTGAACCAGTACTCTATGGTAATTGTGTGYCAGCMGCCGCGGTAA
Plate 1	A10	73c	1	A10	515rcbc9	AATGATACGGCGACCACCGAGATCTACACGCT	GCCTCTACGTCG	TATGGTAATT	GT	GTGYCAGCMGCCGCGGTAA	AATGATACGGCGACCACCGAGATCTACACGCTGCCTCTACGTCGTATGGTAATTGTGTGYCAGCMGCCGCGGTAA
Plate 1	B10	74c	1	B10	515rcbc21	AATGATACGGCGACCACCGAGATCTACACGCT	CAAGTGAAGGGA	TATGGTAATT	GT	GTGYCAGCMGCCGCGGTAA	AATGATACGGCGACCACCGAGATCTACACGCTCAAGTGAAGGGATATGGTAATTGTGTGYCAGCMGCCGCGGTAA
Plate 1	C10	75c	1	C10	515rcbc33	AATGATACGGCGACCACCGAGATCTACACGCT	CTTGATTCTTGA	TATGGTAATT	GT	GTGYCAGCMGCCGCGGTAA	AATGATACGGCGACCACCGAGATCTACACGCTCTTGATTCTTGATATGGTAATTGTGTGYCAGCMGCCGCGGTAA
Plate 1	D10	76c	1	D10	515rcbc45	AATGATACGGCGACCACCGAGATCTACACGCT	AGGATCAGGGAA	TATGGTAATT	GT	GTGYCAGCMGCCGCGGTAA	AATGATACGGCGACCACCGAGATCTACACGCTAGGATCAGGGAATATGGTAATTGTGTGYCAGCMGCCGCGGTAA
Plate 1	E10	77c	1	E10	515rcbc57	AATGATACGGCGACCACCGAGATCTACACGCT	ACTTGGTGTAAG	TATGGTAATT	GT	GTGYCAGCMGCCGCGGTAA	AATGATACGGCGACCACCGAGATCTACACGCTACTTGGTGTAAGTATGGTAATTGTGTGYCAGCMGCCGCGGTAA
Plate 1	F10	78c	1	F10	515rcbc69	AATGATACGGCGACCACCGAGATCTACACGCT	ACGACGCATTTG	TATGGTAATT	GT	GTGYCAGCMGCCGCGGTAA	AATGATACGGCGACCACCGAGATCTACACGCTACGACGCATTTGTATGGTAATTGTGTGYCAGCMGCCGCGGTAA
Plate 1	G10	79c	1	G10	515rcbc81	AATGATACGGCGACCACCGAGATCTACACGCT	GCTCGAAGATTC	TATGGTAATT	GT	GTGYCAGCMGCCGCGGTAA	AATGATACGGCGACCACCGAGATCTACACGCTGCTCGAAGATTCTATGGTAATTGTGTGYCAGCMGCCGCGGTAA
Plate 1	H10	80c	1	H10	515rcbc93	AATGATACGGCGACCACCGAGATCTACACGCT	CGCACCCATACA	TATGGTAATT	GT	GTGYCAGCMGCCGCGGTAA	AATGATACGGCGACCACCGAGATCTACACGCTCGCACCCATACATATGGTAATTGTGTGYCAGCMGCCGCGGTAA
Plate 1	A11	81c	1	A11	515rcbc10	AATGATACGGCGACCACCGAGATCTACACGCT	ACTACTGAGGAT	TATGGTAATT	GT	GTGYCAGCMGCCGCGGTAA	AATGATACGGCGACCACCGAGATCTACACGCTACTACTGAGGATTATGGTAATTGTGTGYCAGCMGCCGCGGTAA
Plate 1	B11	82c	1	B11	515rcbc22	AATGATACGGCGACCACCGAGATCTACACGCT	CACGTTTATTCC	TATGGTAATT	GT	GTGYCAGCMGCCGCGGTAA	AATGATACGGCGACCACCGAGATCTACACGCTCACGTTTATTCCTATGGTAATTGTGTGYCAGCMGCCGCGGTAA
Plate 1	C11	83c	1	C11	515rcbc34	AATGATACGGCGACCACCGAGATCTACACGCT	GAAATCTTGAAG	TATGGTAATT	GT	GTGYCAGCMGCCGCGGTAA	AATGATACGGCGACCACCGAGATCTACACGCTGAAATCTTGAAGTATGGTAATTGTGTGYCAGCMGCCGCGGTAA
Plate 1	D11	84c	1	D11	515rcbc46	AATGATACGGCGACCACCGAGATCTACACGCT	AATAACTAGGGT	TATGGTAATT	GT	GTGYCAGCMGCCGCGGTAA	AATGATACGGCGACCACCGAGATCTACACGCTAATAACTAGGGTTATGGTAATTGTGTGYCAGCMGCCGCGGTAA
Plate 1	E11	85c	1	E11	515rcbc58	AATGATACGGCGACCACCGAGATCTACACGCT	ATTACGTATCAT	TATGGTAATT	GT	GTGYCAGCMGCCGCGGTAA	AATGATACGGCGACCACCGAGATCTACACGCTATTACGTATCATTATGGTAATTGTGTGYCAGCMGCCGCGGTAA
Plate 1	F11	86c	1	F11	515rcbc70	AATGATACGGCGACCACCGAGATCTACACGCT	TATCCAAGCGCA	TATGGTAATT	GT	GTGYCAGCMGCCGCGGTAA	AATGATACGGCGACCACCGAGATCTACACGCTTATCCAAGCGCATATGGTAATTGTGTGYCAGCMGCCGCGGTAA
Plate 1	G11	87c	1	G11	515rcbc82	AATGATACGGCGACCACCGAGATCTACACGCT	TATTTGATTGGT	TATGGTAATT	GT	GTGYCAGCMGCCGCGGTAA	AATGATACGGCGACCACCGAGATCTACACGCTTATTTGATTGGTTATGGTAATTGTGTGYCAGCMGCCGCGGTAA
Plate 1	H11	88c	1	H11	515rcbc94	AATGATACGGCGACCACCGAGATCTACACGCT	GTGCCATAATCG	TATGGTAATT	GT	GTGYCAGCMGCCGCGGTAA	AATGATACGGCGACCACCGAGATCTACACGCTGTGCCATAATCGTATGGTAATTGTGTGYCAGCMGCCGCGGTAA
Plate 1	A12	89c	1	A12	515rcbc11	AATGATACGGCGACCACCGAGATCTACACGCT	AATTCACCTCCT	TATGGTAATT	GT	GTGYCAGCMGCCGCGGTAA	AATGATACGGCGACCACCGAGATCTACACGCTAATTCACCTCCTTATGGTAATTGTGTGYCAGCMGCCGCGGTAA
Plate 1	B12	90c	1	B12	515rcbc23	AATGATACGGCGACCACCGAGATCTACACGCT	TAATCGGTGCCA	TATGGTAATT	GT	GTGYCAGCMGCCGCGGTAA	AATGATACGGCGACCACCGAGATCTACACGCTTAATCGGTGCCATATGGTAATTGTGTGYCAGCMGCCGCGGTAA
Plate 1	C12	91c	1	C12	515rcbc35	AATGATACGGCGACCACCGAGATCTACACGCT	GAGATACAGTTC	TATGGTAATT	GT	GTGYCAGCMGCCGCGGTAA	AATGATACGGCGACCACCGAGATCTACACGCTGAGATACAGTTCTATGGTAATTGTGTGYCAGCMGCCGCGGTAA
Plate 1	D12	92c	1	D12	515rcbc47	AATGATACGGCGACCACCGAGATCTACACGCT	TATTGCAGCAGC	TATGGTAATT	GT	GTGYCAGCMGCCGCGGTAA	AATGATACGGCGACCACCGAGATCTACACGCTTATTGCAGCAGCTATGGTAATTGTGTGYCAGCMGCCGCGGTAA
Plate 1	E12	NTC1-Plate1_PCR1	1	E12	515rcbc59	AATGATACGGCGACCACCGAGATCTACACGCT	CACGCAGTCTAC	TATGGTAATT	GT	GTGYCAGCMGCCGCGGTAA	AATGATACGGCGACCACCGAGATCTACACGCTCACGCAGTCTACTATGGTAATTGTGTGYCAGCMGCCGCGGTAA
Plate 1	F12	NTC2-Plate1_PCR1	1	F12	515rcbc71	AATGATACGGCGACCACCGAGATCTACACGCT	AGAGCCAAGAGC	TATGGTAATT	GT	GTGYCAGCMGCCGCGGTAA	AATGATACGGCGACCACCGAGATCTACACGCTAGAGCCAAGAGCTATGGTAATTGTGTGYCAGCMGCCGCGGTAA
Plate 1	G12	NTC3-Plate1_PCR1	1	G12	515rcbc83	AATGATACGGCGACCACCGAGATCTACACGCT	TGTCAAAGTGAC	TATGGTAATT	GT	GTGYCAGCMGCCGCGGTAA	AATGATACGGCGACCACCGAGATCTACACGCTTGTCAAAGTGACTATGGTAATTGTGTGYCAGCMGCCGCGGTAA
Plate 1	H12	PTC1-Plate1_PCR1	1	H12	515rcbc95	AATGATACGGCGACCACCGAGATCTACACGCT	ACTCTTACTTAG	TATGGTAATT	GT	GTGYCAGCMGCCGCGGTAA	AATGATACGGCGACCACCGAGATCTACACGCTACTCTTACTTAGTATGGTAATTGTGTGYCAGCMGCCGCGGTAA
Plate 2	A1	96c	2	A1	515rcbc96	AATGATACGGCGACCACCGAGATCTACACGCT	CTACAGGGTCTC	TATGGTAATT	GT	GTGYCAGCMGCCGCGGTAA	AATGATACGGCGACCACCGAGATCTACACGCTCTACAGGGTCTCTATGGTAATTGTGTGYCAGCMGCCGCGGTAA
Plate 2	B1	97c	2	B1	515rcbc108	AATGATACGGCGACCACCGAGATCTACACGCT	GTTCATTAAACT	TATGGTAATT	GT	GTGYCAGCMGCCGCGGTAA	AATGATACGGCGACCACCGAGATCTACACGCTGTTCATTAAACTTATGGTAATTGTGTGYCAGCMGCCGCGGTAA
Plate 2	C1	98c	2	C1	515rcbc120	AATGATACGGCGACCACCGAGATCTACACGCT	TTCGATGCCGCA	TATGGTAATT	GT	GTGYCAGCMGCCGCGGTAA	AATGATACGGCGACCACCGAGATCTACACGCTTTCGATGCCGCATATGGTAATTGTGTGYCAGCMGCCGCGGTAA
Plate 2	D1	99c	2	D1	515rcbc132	AATGATACGGCGACCACCGAGATCTACACGCT	TCGTTATTCAGT	TATGGTAATT	GT	GTGYCAGCMGCCGCGGTAA	AATGATACGGCGACCACCGAGATCTACACGCTTCGTTATTCAGTTATGGTAATTGTGTGYCAGCMGCCGCGGTAA
Plate 2	E1	100c	2	E1	515rcbc144	AATGATACGGCGACCACCGAGATCTACACGCT	ACTCTGTAATTA	TATGGTAATT	GT	GTGYCAGCMGCCGCGGTAA	AATGATACGGCGACCACCGAGATCTACACGCTACTCTGTAATTATATGGTAATTGTGTGYCAGCMGCCGCGGTAA
Plate 2	F1	101c	2	F1	515rcbc156	AATGATACGGCGACCACCGAGATCTACACGCT	ATATGTTCTCAA	TATGGTAATT	GT	GTGYCAGCMGCCGCGGTAA	AATGATACGGCGACCACCGAGATCTACACGCTATATGTTCTCAATATGGTAATTGTGTGYCAGCMGCCGCGGTAA
Plate 2	G1	102c	2	G1	515rcbc168	AATGATACGGCGACCACCGAGATCTACACGCT	TCAGACCAACTG	TATGGTAATT	GT	GTGYCAGCMGCCGCGGTAA	AATGATACGGCGACCACCGAGATCTACACGCTTCAGACCAACTGTATGGTAATTGTGTGYCAGCMGCCGCGGTAA
Plate 2	H1	103c	2	H1	515rcbc180	AATGATACGGCGACCACCGAGATCTACACGCT	TCATTAGCGTGG	TATGGTAATT	GT	GTGYCAGCMGCCGCGGTAA	AATGATACGGCGACCACCGAGATCTACACGCTTCATTAGCGTGGTATGGTAATTGTGTGYCAGCMGCCGCGGTAA
Plate 2	A2	104c	2	A2	515rcbc97	AATGATACGGCGACCACCGAGATCTACACGCT	CTTGGAGGCTTA	TATGGTAATT	GT	GTGYCAGCMGCCGCGGTAA	AATGATACGGCGACCACCGAGATCTACACGCTCTTGGAGGCTTATATGGTAATTGTGTGYCAGCMGCCGCGGTAA
Plate 2	B2	105c	2	B2	515rcbc109	AATGATACGGCGACCACCGAGATCTACACGCT	GTGCCGGCCGAC	TATGGTAATT	GT	GTGYCAGCMGCCGCGGTAA	AATGATACGGCGACCACCGAGATCTACACGCTGTGCCGGCCGACTATGGTAATTGTGTGYCAGCMGCCGCGGTAA
Plate 2	C2	106c	2	C2	515rcbc121	AATGATACGGCGACCACCGAGATCTACACGCT	AGAGGGTGATCG	TATGGTAATT	GT	GTGYCAGCMGCCGCGGTAA	AATGATACGGCGACCACCGAGATCTACACGCTAGAGGGTGATCGTATGGTAATTGTGTGYCAGCMGCCGCGGTAA
Plate 2	D2	107c	2	D2	515rcbc133	AATGATACGGCGACCACCGAGATCTACACGCT	GGATACTCGCAT	TATGGTAATT	GT	GTGYCAGCMGCCGCGGTAA	AATGATACGGCGACCACCGAGATCTACACGCTGGATACTCGCATTATGGTAATTGTGTGYCAGCMGCCGCGGTAA
Plate 2	E2	108c	2	E2	515rcbc145	AATGATACGGCGACCACCGAGATCTACACGCT	TCATGGCCTCCG	TATGGTAATT	GT	GTGYCAGCMGCCGCGGTAA	AATGATACGGCGACCACCGAGATCTACACGCTTCATGGCCTCCGTATGGTAATTGTGTGYCAGCMGCCGCGGTAA
Plate 2	F2	109c	2	F2	515rcbc157	AATGATACGGCGACCACCGAGATCTACACGCT	ATGTGCTGCTCG	TATGGTAATT	GT	GTGYCAGCMGCCGCGGTAA	AATGATACGGCGACCACCGAGATCTACACGCTATGTGCTGCTCGTATGGTAATTGTGTGYCAGCMGCCGCGGTAA
Plate 2	G2	110c	2	G2	515rcbc169	AATGATACGGCGACCACCGAGATCTACACGCT	CCACGAGCAGGC	TATGGTAATT	GT	GTGYCAGCMGCCGCGGTAA	AATGATACGGCGACCACCGAGATCTACACGCTCCACGAGCAGGCTATGGTAATTGTGTGYCAGCMGCCGCGGTAA
Plate 2	H2	111c	2	H2	515rcbc181	AATGATACGGCGACCACCGAGATCTACACGCT	CGCCGTACTTGC	TATGGTAATT	GT	GTGYCAGCMGCCGCGGTAA	AATGATACGGCGACCACCGAGATCTACACGCTCGCCGTACTTGCTATGGTAATTGTGTGYCAGCMGCCGCGGTAA
Plate 2	A3	112c	2	A3	515rcbc98	AATGATACGGCGACCACCGAGATCTACACGCT	TATCATATTACG	TATGGTAATT	GT	GTGYCAGCMGCCGCGGTAA	AATGATACGGCGACCACCGAGATCTACACGCTTATCATATTACGTATGGTAATTGTGTGYCAGCMGCCGCGGTAA
Plate 2	B3	113c	2	B3	515rcbc110	AATGATACGGCGACCACCGAGATCTACACGCT	CCTTGACCGATG	TATGGTAATT	GT	GTGYCAGCMGCCGCGGTAA	AATGATACGGCGACCACCGAGATCTACACGCTCCTTGACCGATGTATGGTAATTGTGTGYCAGCMGCCGCGGTAA
Plate 2	C3	114c	2	C3	515rcbc122	AATGATACGGCGACCACCGAGATCTACACGCT	AGCTCTAGAAAC	TATGGTAATT	GT	GTGYCAGCMGCCGCGGTAA	AATGATACGGCGACCACCGAGATCTACACGCTAGCTCTAGAAACTATGGTAATTGTGTGYCAGCMGCCGCGGTAA
Plate 2	D3	115c	2	D3	515rcbc134	AATGATACGGCGACCACCGAGATCTACACGCT	AATGTTCAACTT	TATGGTAATT	GT	GTGYCAGCMGCCGCGGTAA	AATGATACGGCGACCACCGAGATCTACACGCTAATGTTCAACTTTATGGTAATTGTGTGYCAGCMGCCGCGGTAA
Plate 2	E3	116c	2	E3	515rcbc146	AATGATACGGCGACCACCGAGATCTACACGCT	CAATCATAGGTG	TATGGTAATT	GT	GTGYCAGCMGCCGCGGTAA	AATGATACGGCGACCACCGAGATCTACACGCTCAATCATAGGTGTATGGTAATTGTGTGYCAGCMGCCGCGGTAA
Plate 2	F3	117c	2	F3	515rcbc158	AATGATACGGCGACCACCGAGATCTACACGCT	CCGATAAAGGTT	TATGGTAATT	GT	GTGYCAGCMGCCGCGGTAA	AATGATACGGCGACCACCGAGATCTACACGCTCCGATAAAGGTTTATGGTAATTGTGTGYCAGCMGCCGCGGTAA
Plate 2	G3	118c	2	G3	515rcbc170	AATGATACGGCGACCACCGAGATCTACACGCT	GCGTGCCCGGCC	TATGGTAATT	GT	GTGYCAGCMGCCGCGGTAA	AATGATACGGCGACCACCGAGATCTACACGCTGCGTGCCCGGCCTATGGTAATTGTGTGYCAGCMGCCGCGGTAA
Plate 2	H3	119c	2	H3	515rcbc182	AATGATACGGCGACCACCGAGATCTACACGCT	TAAACCTGGACA	TATGGTAATT	GT	GTGYCAGCMGCCGCGGTAA	AATGATACGGCGACCACCGAGATCTACACGCTTAAACCTGGACATATGGTAATTGTGTGYCAGCMGCCGCGGTAA
Plate 2	A4	1s	2	A4	515rcbc99	AATGATACGGCGACCACCGAGATCTACACGCT	CTATATTATCCG	TATGGTAATT	GT	GTGYCAGCMGCCGCGGTAA	AATGATACGGCGACCACCGAGATCTACACGCTCTATATTATCCGTATGGTAATTGTGTGYCAGCMGCCGCGGTAA
Plate 2	B4	2s	2	B4	515rcbc111	AATGATACGGCGACCACCGAGATCTACACGCT	CAAACTGCGTTG	TATGGTAATT	GT	GTGYCAGCMGCCGCGGTAA	AATGATACGGCGACCACCGAGATCTACACGCTCAAACTGCGTTGTATGGTAATTGTGTGYCAGCMGCCGCGGTAA
Plate 2	C4	3s	2	C4	515rcbc123	AATGATACGGCGACCACCGAGATCTACACGCT	CTGACACGAATA	TATGGTAATT	GT	GTGYCAGCMGCCGCGGTAA	AATGATACGGCGACCACCGAGATCTACACGCTCTGACACGAATATATGGTAATTGTGTGYCAGCMGCCGCGGTAA
Plate 2	D4	4s	2	D4	515rcbc135	AATGATACGGCGACCACCGAGATCTACACGCT	AGCAGTGCGGTG	TATGGTAATT	GT	GTGYCAGCMGCCGCGGTAA	AATGATACGGCGACCACCGAGATCTACACGCTAGCAGTGCGGTGTATGGTAATTGTGTGYCAGCMGCCGCGGTAA
Plate 2	E4	5s	2	E4	515rcbc147	AATGATACGGCGACCACCGAGATCTACACGCT	GTTGGACGAAGG	TATGGTAATT	GT	GTGYCAGCMGCCGCGGTAA	AATGATACGGCGACCACCGAGATCTACACGCTGTTGGACGAAGGTATGGTAATTGTGTGYCAGCMGCCGCGGTAA
Plate 2	F4	6s	2	F4	515rcbc159	AATGATACGGCGACCACCGAGATCTACACGCT	CAGGAACCAGGA	TATGGTAATT	GT	GTGYCAGCMGCCGCGGTAA	AATGATACGGCGACCACCGAGATCTACACGCTCAGGAACCAGGATATGGTAATTGTGTGYCAGCMGCCGCGGTAA
Plate 2	G4	7s	2	G4	515rcbc171	AATGATACGGCGACCACCGAGATCTACACGCT	CAAAGGAGCCCG	TATGGTAATT	GT	GTGYCAGCMGCCGCGGTAA	AATGATACGGCGACCACCGAGATCTACACGCTCAAAGGAGCCCGTATGGTAATTGTGTGYCAGCMGCCGCGGTAA
Plate 2	H4	8s	2	H4	515rcbc183	AATGATACGGCGACCACCGAGATCTACACGCT	CCAACCCAGATC	TATGGTAATT	GT	GTGYCAGCMGCCGCGGTAA	AATGATACGGCGACCACCGAGATCTACACGCTCCAACCCAGATCTATGGTAATTGTGTGYCAGCMGCCGCGGTAA
Plate 2	A5	9s	2	A5	515rcbc100	AATGATACGGCGACCACCGAGATCTACACGCT	ACCGAACAATCC	TATGGTAATT	GT	GTGYCAGCMGCCGCGGTAA	AATGATACGGCGACCACCGAGATCTACACGCTACCGAACAATCCTATGGTAATTGTGTGYCAGCMGCCGCGGTAA
Plate 2	B5	10s	2	B5	515rcbc112	AATGATACGGCGACCACCGAGATCTACACGCT	TCGAGAGTTTGC	TATGGTAATT	GT	GTGYCAGCMGCCGCGGTAA	AATGATACGGCGACCACCGAGATCTACACGCTTCGAGAGTTTGCTATGGTAATTGTGTGYCAGCMGCCGCGGTAA
Plate 2	C5	11s	2	C5	515rcbc124	AATGATACGGCGACCACCGAGATCTACACGCT	GCTGCCCACCTA	TATGGTAATT	GT	GTGYCAGCMGCCGCGGTAA	AATGATACGGCGACCACCGAGATCTACACGCTGCTGCCCACCTATATGGTAATTGTGTGYCAGCMGCCGCGGTAA
Plate 2	D5	12s	2	D5	515rcbc136	AATGATACGGCGACCACCGAGATCTACACGCT	GCATATGCACTG	TATGGTAATT	GT	GTGYCAGCMGCCGCGGTAA	AATGATACGGCGACCACCGAGATCTACACGCTGCATATGCACTGTATGGTAATTGTGTGYCAGCMGCCGCGGTAA
Plate 2	E5	13s	2	E5	515rcbc148	AATGATACGGCGACCACCGAGATCTACACGCT	GTCACTCCGAAC	TATGGTAATT	GT	GTGYCAGCMGCCGCGGTAA	AATGATACGGCGACCACCGAGATCTACACGCTGTCACTCCGAACTATGGTAATTGTGTGYCAGCMGCCGCGGTAA
Plate 2	F5	14s	2	F5	515rcbc160	AATGATACGGCGACCACCGAGATCTACACGCT	GCATAAACGACT	TATGGTAATT	GT	GTGYCAGCMGCCGCGGTAA	AATGATACGGCGACCACCGAGATCTACACGCTGCATAAACGACTTATGGTAATTGTGTGYCAGCMGCCGCGGTAA
Plate 2	G5	1-MSCAII	2	G5	515rcbc172	AATGATACGGCGACCACCGAGATCTACACGCT	TGCGGCGTCAGG	TATGGTAATT	GT	GTGYCAGCMGCCGCGGTAA	AATGATACGGCGACCACCGAGATCTACACGCTTGCGGCGTCAGGTATGGTAATTGTGTGYCAGCMGCCGCGGTAA
Plate 2	H5	2-MSCAII	2	H5	515rcbc184	AATGATACGGCGACCACCGAGATCTACACGCT	TTAAGTTAAGTT	TATGGTAATT	GT	GTGYCAGCMGCCGCGGTAA	AATGATACGGCGACCACCGAGATCTACACGCTTTAAGTTAAGTTTATGGTAATTGTGTGYCAGCMGCCGCGGTAA
Plate 2	A6	3-MSCAII	2	A6	515rcbc101	AATGATACGGCGACCACCGAGATCTACACGCT	ACGGTACCCTAC	TATGGTAATT	GT	GTGYCAGCMGCCGCGGTAA	AATGATACGGCGACCACCGAGATCTACACGCTACGGTACCCTACTATGGTAATTGTGTGYCAGCMGCCGCGGTAA
Plate 2	B6	4-MSCAII	2	B6	515rcbc113	AATGATACGGCGACCACCGAGATCTACACGCT	CGACACGGAGAA	TATGGTAATT	GT	GTGYCAGCMGCCGCGGTAA	AATGATACGGCGACCACCGAGATCTACACGCTCGACACGGAGAATATGGTAATTGTGTGYCAGCMGCCGCGGTAA
Plate 2	C6	5-MSCAII	2	C6	515rcbc125	AATGATACGGCGACCACCGAGATCTACACGCT	GCGTTTGCTAGC	TATGGTAATT	GT	GTGYCAGCMGCCGCGGTAA	AATGATACGGCGACCACCGAGATCTACACGCTGCGTTTGCTAGCTATGGTAATTGTGTGYCAGCMGCCGCGGTAA
Plate 2	D6	6-MSCAII	2	D6	515rcbc137	AATGATACGGCGACCACCGAGATCTACACGCT	CCGGCGACAGAA	TATGGTAATT	GT	GTGYCAGCMGCCGCGGTAA	AATGATACGGCGACCACCGAGATCTACACGCTCCGGCGACAGAATATGGTAATTGTGTGYCAGCMGCCGCGGTAA
Plate 2	E6	7-MSCAII	2	E6	515rcbc149	AATGATACGGCGACCACCGAGATCTACACGCT	CGTTCTGGTGGT	TATGGTAATT	GT	GTGYCAGCMGCCGCGGTAA	AATGATACGGCGACCACCGAGATCTACACGCTCGTTCTGGTGGTTATGGTAATTGTGTGYCAGCMGCCGCGGTAA
Plate 2	F6	8-MSCAII	2	F6	515rcbc161	AATGATACGGCGACCACCGAGATCTACACGCT	ATCGTAGTGGTC	TATGGTAATT	GT	GTGYCAGCMGCCGCGGTAA	AATGATACGGCGACCACCGAGATCTACACGCTATCGTAGTGGTCTATGGTAATTGTGTGYCAGCMGCCGCGGTAA
Plate 2	G6	9-MSCAII	2	G6	515rcbc173	AATGATACGGCGACCACCGAGATCTACACGCT	CGCTGTGGATTA	TATGGTAATT	GT	GTGYCAGCMGCCGCGGTAA	AATGATACGGCGACCACCGAGATCTACACGCTCGCTGTGGATTATATGGTAATTGTGTGYCAGCMGCCGCGGTAA
Plate 2	H6	10-MSCAII	2	H6	515rcbc185	AATGATACGGCGACCACCGAGATCTACACGCT	AGCCGCGGGTCC	TATGGTAATT	GT	GTGYCAGCMGCCGCGGTAA	AATGATACGGCGACCACCGAGATCTACACGCTAGCCGCGGGTCCTATGGTAATTGTGTGYCAGCMGCCGCGGTAA
Plate 2	A7	11-MSCAII	2	A7	515rcbc102	AATGATACGGCGACCACCGAGATCTACACGCT	TGAGTCATTGAG	TATGGTAATT	GT	GTGYCAGCMGCCGCGGTAA	AATGATACGGCGACCACCGAGATCTACACGCTTGAGTCATTGAGTATGGTAATTGTGTGYCAGCMGCCGCGGTAA
Plate 2	B7	12-MSCAII	2	B7	515rcbc114	AATGATACGGCGACCACCGAGATCTACACGCT	TCCACAGGGTTC	TATGGTAATT	GT	GTGYCAGCMGCCGCGGTAA	AATGATACGGCGACCACCGAGATCTACACGCTTCCACAGGGTTCTATGGTAATTGTGTGYCAGCMGCCGCGGTAA
Plate 2	C7	13-MSCAII	2	C7	515rcbc126	AATGATACGGCGACCACCGAGATCTACACGCT	AGATCGTGCCTA	TATGGTAATT	GT	GTGYCAGCMGCCGCGGTAA	AATGATACGGCGACCACCGAGATCTACACGCTAGATCGTGCCTATATGGTAATTGTGTGYCAGCMGCCGCGGTAA
Plate 2	D7	14-MSCAII	2	D7	515rcbc138	AATGATACGGCGACCACCGAGATCTACACGCT	CCTCACTAGCGA	TATGGTAATT	GT	GTGYCAGCMGCCGCGGTAA	AATGATACGGCGACCACCGAGATCTACACGCTCCTCACTAGCGATATGGTAATTGTGTGYCAGCMGCCGCGGTAA
Plate 2	E7	15-MSCAII	2	E7	515rcbc150	AATGATACGGCGACCACCGAGATCTACACGCT	TAGTTCGGTGAC	TATGGTAATT	GT	GTGYCAGCMGCCGCGGTAA	AATGATACGGCGACCACCGAGATCTACACGCTTAGTTCGGTGACTATGGTAATTGTGTGYCAGCMGCCGCGGTAA
Plate 2	F7	16-MSCAII	2	F7	515rcbc162	AATGATACGGCGACCACCGAGATCTACACGCT	ACTAAAGCAAAC	TATGGTAATT	GT	GTGYCAGCMGCCGCGGTAA	AATGATACGGCGACCACCGAGATCTACACGCTACTAAAGCAAACTATGGTAATTGTGTGYCAGCMGCCGCGGTAA
Plate 2	G7	17-MSCAII	2	G7	515rcbc174	AATGATACGGCGACCACCGAGATCTACACGCT	CTTGCTCATAAT	TATGGTAATT	GT	GTGYCAGCMGCCGCGGTAA	AATGATACGGCGACCACCGAGATCTACACGCTCTTGCTCATAATTATGGTAATTGTGTGYCAGCMGCCGCGGTAA
Plate 2	H7	18-MSCAII	2	H7	515rcbc186	AATGATACGGCGACCACCGAGATCTACACGCT	GGTAGTTCATAG	TATGGTAATT	GT	GTGYCAGCMGCCGCGGTAA	AATGATACGGCGACCACCGAGATCTACACGCTGGTAGTTCATAGTATGGTAATTGTGTGYCAGCMGCCGCGGTAA
Plate 2	A8	19-MSCAII	2	A8	515rcbc103	AATGATACGGCGACCACCGAGATCTACACGCT	ACCTACTTGTCT	TATGGTAATT	GT	GTGYCAGCMGCCGCGGTAA	AATGATACGGCGACCACCGAGATCTACACGCTACCTACTTGTCTTATGGTAATTGTGTGYCAGCMGCCGCGGTAA
Plate 2	B8	20-MSCAII	2	B8	515rcbc115	AATGATACGGCGACCACCGAGATCTACACGCT	GGAGAACGACAC	TATGGTAATT	GT	GTGYCAGCMGCCGCGGTAA	AATGATACGGCGACCACCGAGATCTACACGCTGGAGAACGACACTATGGTAATTGTGTGYCAGCMGCCGCGGTAA
Plate 2	C8	21-MSCAII	2	C8	515rcbc127	AATGATACGGCGACCACCGAGATCTACACGCT	AATTAATATGTA	TATGGTAATT	GT	GTGYCAGCMGCCGCGGTAA	AATGATACGGCGACCACCGAGATCTACACGCTAATTAATATGTATATGGTAATTGTGTGYCAGCMGCCGCGGTAA
Plate 2	D8	22-MSCAII	2	D8	515rcbc139	AATGATACGGCGACCACCGAGATCTACACGCT	CTAATCAGAGTG	TATGGTAATT	GT	GTGYCAGCMGCCGCGGTAA	AATGATACGGCGACCACCGAGATCTACACGCTCTAATCAGAGTGTATGGTAATTGTGTGYCAGCMGCCGCGGTAA
Plate 2	E8	23-MSCAII	2	E8	515rcbc151	AATGATACGGCGACCACCGAGATCTACACGCT	TTAATGGATCGG	TATGGTAATT	GT	GTGYCAGCMGCCGCGGTAA	AATGATACGGCGACCACCGAGATCTACACGCTTTAATGGATCGGTATGGTAATTGTGTGYCAGCMGCCGCGGTAA
Plate 2	F8	24-MSCAII	2	F8	515rcbc163	AATGATACGGCGACCACCGAGATCTACACGCT	TAGGAACTCACC	TATGGTAATT	GT	GTGYCAGCMGCCGCGGTAA	AATGATACGGCGACCACCGAGATCTACACGCTTAGGAACTCACCTATGGTAATTGTGTGYCAGCMGCCGCGGTAA
Plate 2	G8	25-MSCAII	2	G8	515rcbc175	AATGATACGGCGACCACCGAGATCTACACGCT	ACGACAACGGGC	TATGGTAATT	GT	GTGYCAGCMGCCGCGGTAA	AATGATACGGCGACCACCGAGATCTACACGCTACGACAACGGGCTATGGTAATTGTGTGYCAGCMGCCGCGGTAA
Plate 2	H8	26-MSCAII	2	H8	515rcbc187	AATGATACGGCGACCACCGAGATCTACACGCT	CGATGAATATCG	TATGGTAATT	GT	GTGYCAGCMGCCGCGGTAA	AATGATACGGCGACCACCGAGATCTACACGCTCGATGAATATCGTATGGTAATTGTGTGYCAGCMGCCGCGGTAA
Plate 2	A9	27-MSCAII	2	A9	515rcbc104	AATGATACGGCGACCACCGAGATCTACACGCT	ACTGTGACGTCC	TATGGTAATT	GT	GTGYCAGCMGCCGCGGTAA	AATGATACGGCGACCACCGAGATCTACACGCTACTGTGACGTCCTATGGTAATTGTGTGYCAGCMGCCGCGGTAA
Plate 2	B9	28-MSCAII	2	B9	515rcbc116	AATGATACGGCGACCACCGAGATCTACACGCT	CCTACCATTGTT	TATGGTAATT	GT	GTGYCAGCMGCCGCGGTAA	AATGATACGGCGACCACCGAGATCTACACGCTCCTACCATTGTTTATGGTAATTGTGTGYCAGCMGCCGCGGTAA
Plate 2	C9	29-MSCAII	2	C9	515rcbc128	AATGATACGGCGACCACCGAGATCTACACGCT	CATTTCGCACTT	TATGGTAATT	GT	GTGYCAGCMGCCGCGGTAA	AATGATACGGCGACCACCGAGATCTACACGCTCATTTCGCACTTTATGGTAATTGTGTGYCAGCMGCCGCGGTAA
Plate 2	D9	30-MSCAII	2	D9	515rcbc140	AATGATACGGCGACCACCGAGATCTACACGCT	CTACTCCACGAG	TATGGTAATT	GT	GTGYCAGCMGCCGCGGTAA	AATGATACGGCGACCACCGAGATCTACACGCTCTACTCCACGAGTATGGTAATTGTGTGYCAGCMGCCGCGGTAA
Plate 2	E9	31-MSCAII	2	E9	515rcbc152	AATGATACGGCGACCACCGAGATCTACACGCT	TCAAGTCCGCAC	TATGGTAATT	GT	GTGYCAGCMGCCGCGGTAA	AATGATACGGCGACCACCGAGATCTACACGCTTCAAGTCCGCACTATGGTAATTGTGTGYCAGCMGCCGCGGTAA
Plate 2	F9	32-MSCAII	2	F9	515rcbc164	AATGATACGGCGACCACCGAGATCTACACGCT	GTCCGTCCTGGT	TATGGTAATT	GT	GTGYCAGCMGCCGCGGTAA	AATGATACGGCGACCACCGAGATCTACACGCTGTCCGTCCTGGTTATGGTAATTGTGTGYCAGCMGCCGCGGTAA
Plate 2	G9	33-MSCAII	2	G9	515rcbc176	AATGATACGGCGACCACCGAGATCTACACGCT	CTAGCGTGCGTT	TATGGTAATT	GT	GTGYCAGCMGCCGCGGTAA	AATGATACGGCGACCACCGAGATCTACACGCTCTAGCGTGCGTTTATGGTAATTGTGTGYCAGCMGCCGCGGTAA
Plate 2	H9	34-MSCAII	2	H9	515rcbc188	AATGATACGGCGACCACCGAGATCTACACGCT	GTTCTAAGGTGA	TATGGTAATT	GT	GTGYCAGCMGCCGCGGTAA	AATGATACGGCGACCACCGAGATCTACACGCTGTTCTAAGGTGATATGGTAATTGTGTGYCAGCMGCCGCGGTAA
Plate 2	A10	35-MSCAII	2	A10	515rcbc105	AATGATACGGCGACCACCGAGATCTACACGCT	CTCTGAGGTAAC	TATGGTAATT	GT	GTGYCAGCMGCCGCGGTAA	AATGATACGGCGACCACCGAGATCTACACGCTCTCTGAGGTAACTATGGTAATTGTGTGYCAGCMGCCGCGGTAA
Plate 2	B10	36-MSCAII	2	B10	515rcbc117	AATGATACGGCGACCACCGAGATCTACACGCT	TCCGGCGGGCAA	TATGGTAATT	GT	GTGYCAGCMGCCGCGGTAA	AATGATACGGCGACCACCGAGATCTACACGCTTCCGGCGGGCAATATGGTAATTGTGTGYCAGCMGCCGCGGTAA
Plate 2	C10	37-MSCAII	2	C10	515rcbc129	AATGATACGGCGACCACCGAGATCTACACGCT	ACATGATATTCT	TATGGTAATT	GT	GTGYCAGCMGCCGCGGTAA	AATGATACGGCGACCACCGAGATCTACACGCTACATGATATTCTTATGGTAATTGTGTGYCAGCMGCCGCGGTAA
Plate 2	D10	38-MSCAII	2	D10	515rcbc141	AATGATACGGCGACCACCGAGATCTACACGCT	TAAGGCATCGCT	TATGGTAATT	GT	GTGYCAGCMGCCGCGGTAA	AATGATACGGCGACCACCGAGATCTACACGCTTAAGGCATCGCTTATGGTAATTGTGTGYCAGCMGCCGCGGTAA
Plate 2	E10	39-MSCAII	2	E10	515rcbc153	AATGATACGGCGACCACCGAGATCTACACGCT	CACACAAAGTCA	TATGGTAATT	GT	GTGYCAGCMGCCGCGGTAA	AATGATACGGCGACCACCGAGATCTACACGCTCACACAAAGTCATATGGTAATTGTGTGYCAGCMGCCGCGGTAA
Plate 2	F10	40-MSCAII	2	F10	515rcbc165	AATGATACGGCGACCACCGAGATCTACACGCT	CGAGGCGAGTCA	TATGGTAATT	GT	GTGYCAGCMGCCGCGGTAA	AATGATACGGCGACCACCGAGATCTACACGCTCGAGGCGAGTCATATGGTAATTGTGTGYCAGCMGCCGCGGTAA
Plate 2	G10	41-MSCAII	2	G10	515rcbc177	AATGATACGGCGACCACCGAGATCTACACGCT	TAGTCTAAGGGT	TATGGTAATT	GT	GTGYCAGCMGCCGCGGTAA	AATGATACGGCGACCACCGAGATCTACACGCTTAGTCTAAGGGTTATGGTAATTGTGTGYCAGCMGCCGCGGTAA
Plate 2	H10	42-MSCAII	2	H10	515rcbc189	AATGATACGGCGACCACCGAGATCTACACGCT	ATGACTAAGATG	TATGGTAATT	GT	GTGYCAGCMGCCGCGGTAA	AATGATACGGCGACCACCGAGATCTACACGCTATGACTAAGATGTATGGTAATTGTGTGYCAGCMGCCGCGGTAA
Plate 2	A11	43-MSCAII	2	A11	515rcbc106	AATGATACGGCGACCACCGAGATCTACACGCT	CATGTCTTCCAT	TATGGTAATT	GT	GTGYCAGCMGCCGCGGTAA	AATGATACGGCGACCACCGAGATCTACACGCTCATGTCTTCCATTATGGTAATTGTGTGYCAGCMGCCGCGGTAA
Plate 2	B11	44-MSCAII	2	B11	515rcbc118	AATGATACGGCGACCACCGAGATCTACACGCT	TAATCCATAATC	TATGGTAATT	GT	GTGYCAGCMGCCGCGGTAA	AATGATACGGCGACCACCGAGATCTACACGCTTAATCCATAATCTATGGTAATTGTGTGYCAGCMGCCGCGGTAA
Plate 2	C11	45-MSCAII	2	C11	515rcbc130	AATGATACGGCGACCACCGAGATCTACACGCT	GCAACGAACGAG	TATGGTAATT	GT	GTGYCAGCMGCCGCGGTAA	AATGATACGGCGACCACCGAGATCTACACGCTGCAACGAACGAGTATGGTAATTGTGTGYCAGCMGCCGCGGTAA
Plate 2	D11	46-MSCAII	2	D11	515rcbc142	AATGATACGGCGACCACCGAGATCTACACGCT	AGCGCGGCGAAT	TATGGTAATT	GT	GTGYCAGCMGCCGCGGTAA	AATGATACGGCGACCACCGAGATCTACACGCTAGCGCGGCGAATTATGGTAATTGTGTGYCAGCMGCCGCGGTAA
Plate 2	E11	47-MSCAII	2	E11	515rcbc154	AATGATACGGCGACCACCGAGATCTACACGCT	GTCAGGTGCGGC	TATGGTAATT	GT	GTGYCAGCMGCCGCGGTAA	AATGATACGGCGACCACCGAGATCTACACGCTGTCAGGTGCGGCTATGGTAATTGTGTGYCAGCMGCCGCGGTAA
Plate 2	F11	48-MSCAII	2	F11	515rcbc166	AATGATACGGCGACCACCGAGATCTACACGCT	TTCCAATACTCA	TATGGTAATT	GT	GTGYCAGCMGCCGCGGTAA	AATGATACGGCGACCACCGAGATCTACACGCTTTCCAATACTCATATGGTAATTGTGTGYCAGCMGCCGCGGTAA
Plate 2	G11	49-MSCAII	2	G11	515rcbc178	AATGATACGGCGACCACCGAGATCTACACGCT	GTTTGAAACACG	TATGGTAATT	GT	GTGYCAGCMGCCGCGGTAA	AATGATACGGCGACCACCGAGATCTACACGCTGTTTGAAACACGTATGGTAATTGTGTGYCAGCMGCCGCGGTAA
Plate 2	H11	50-MSCAII	2	H11	515rcbc190	AATGATACGGCGACCACCGAGATCTACACGCT	TACAGCGCATAC	TATGGTAATT	GT	GTGYCAGCMGCCGCGGTAA	AATGATACGGCGACCACCGAGATCTACACGCTTACAGCGCATACTATGGTAATTGTGTGYCAGCMGCCGCGGTAA
Plate 2	A12	51-MSCAII	2	A12	515rcbc107	AATGATACGGCGACCACCGAGATCTACACGCT	AACAGTAAACAA	TATGGTAATT	GT	GTGYCAGCMGCCGCGGTAA	AATGATACGGCGACCACCGAGATCTACACGCTAACAGTAAACAATATGGTAATTGTGTGYCAGCMGCCGCGGTAA
Plate 2	B12	52-MSCAII	2	B12	515rcbc119	AATGATACGGCGACCACCGAGATCTACACGCT	CCTCCGTCATGG	TATGGTAATT	GT	GTGYCAGCMGCCGCGGTAA	AATGATACGGCGACCACCGAGATCTACACGCTCCTCCGTCATGGTATGGTAATTGTGTGYCAGCMGCCGCGGTAA
Plate 2	C12	53-MSCAII	2	C12	515rcbc131	AATGATACGGCGACCACCGAGATCTACACGCT	AGATGTCCGTCA	TATGGTAATT	GT	GTGYCAGCMGCCGCGGTAA	AATGATACGGCGACCACCGAGATCTACACGCTAGATGTCCGTCATATGGTAATTGTGTGYCAGCMGCCGCGGTAA
Plate 2	D12	54-MSCAII	2	D12	515rcbc143	AATGATACGGCGACCACCGAGATCTACACGCT	TAGCAGTTGCGT	TATGGTAATT	GT	GTGYCAGCMGCCGCGGTAA	AATGATACGGCGACCACCGAGATCTACACGCTTAGCAGTTGCGTTATGGTAATTGTGTGYCAGCMGCCGCGGTAA
Plate 2	E12	NTC1_Plate2_PCR1	2	E12	515rcbc155	AATGATACGGCGACCACCGAGATCTACACGCT	TTGAACAAGCCA	TATGGTAATT	GT	GTGYCAGCMGCCGCGGTAA	AATGATACGGCGACCACCGAGATCTACACGCTTTGAACAAGCCATATGGTAATTGTGTGYCAGCMGCCGCGGTAA
Plate 2	F12	NTC2_Plate2_PCR1	2	F12	515rcbc167	AATGATACGGCGACCACCGAGATCTACACGCT	AACTCAATAGCG	TATGGTAATT	GT	GTGYCAGCMGCCGCGGTAA	AATGATACGGCGACCACCGAGATCTACACGCTAACTCAATAGCGTATGGTAATTGTGTGYCAGCMGCCGCGGTAA
Plate 2	G12	NTC3_Plate2_PCR1	2	G12	515rcbc179	AATGATACGGCGACCACCGAGATCTACACGCT	ACCTCAGTCAAG	TATGGTAATT	GT	GTGYCAGCMGCCGCGGTAA	AATGATACGGCGACCACCGAGATCTACACGCTACCTCAGTCAAGTATGGTAATTGTGTGYCAGCMGCCGCGGTAA
Plate 2	H12	PTC1_Plate2_PCR1	2	H12	515rcbc191	AATGATACGGCGACCACCGAGATCTACACGCT	TGACAGAATCCA	TATGGTAATT	GT	GTGYCAGCMGCCGCGGTAA	AATGATACGGCGACCACCGAGATCTACACGCTTGACAGAATCCATATGGTAATTGTGTGYCAGCMGCCGCGGTAA
Plate 3	A1	1-AM21	3	A1	515rcbc192	AATGATACGGCGACCACCGAGATCTACACGCT	CCTCGCATGACC	TATGGTAATT	GT	GTGYCAGCMGCCGCGGTAA	AATGATACGGCGACCACCGAGATCTACACGCTCCTCGCATGACCTATGGTAATTGTGTGYCAGCMGCCGCGGTAA
Plate 3	B1	2-AM21	3	B1	515rcbc204	AATGATACGGCGACCACCGAGATCTACACGCT	CGCGCAAGTATT	TATGGTAATT	GT	GTGYCAGCMGCCGCGGTAA	AATGATACGGCGACCACCGAGATCTACACGCTCGCGCAAGTATTTATGGTAATTGTGTGYCAGCMGCCGCGGTAA
Plate 3	C1	3-AM21	3	C1	515rcbc216	AATGATACGGCGACCACCGAGATCTACACGCT	AAGGCGCTCCTT	TATGGTAATT	GT	GTGYCAGCMGCCGCGGTAA	AATGATACGGCGACCACCGAGATCTACACGCTAAGGCGCTCCTTTATGGTAATTGTGTGYCAGCMGCCGCGGTAA
Plate 3	D1	4-AM21	3	D1	515rcbc228	AATGATACGGCGACCACCGAGATCTACACGCT	CGCAATGAGGGA	TATGGTAATT	GT	GTGYCAGCMGCCGCGGTAA	AATGATACGGCGACCACCGAGATCTACACGCTCGCAATGAGGGATATGGTAATTGTGTGYCAGCMGCCGCGGTAA
Plate 3	E1	5-AM21	3	E1	515rcbc240	AATGATACGGCGACCACCGAGATCTACACGCT	ACGGCGTTATGT	TATGGTAATT	GT	GTGYCAGCMGCCGCGGTAA	AATGATACGGCGACCACCGAGATCTACACGCTACGGCGTTATGTTATGGTAATTGTGTGYCAGCMGCCGCGGTAA
Plate 3	F1	6-AM21	3	F1	515rcbc252	AATGATACGGCGACCACCGAGATCTACACGCT	CATTTGACGACG	TATGGTAATT	GT	GTGYCAGCMGCCGCGGTAA	AATGATACGGCGACCACCGAGATCTACACGCTCATTTGACGACGTATGGTAATTGTGTGYCAGCMGCCGCGGTAA
Plate 3	G1	7-AM21	3	G1	515rcbc264	AATGATACGGCGACCACCGAGATCTACACGCT	GCTGCGTATACC	TATGGTAATT	GT	GTGYCAGCMGCCGCGGTAA	AATGATACGGCGACCACCGAGATCTACACGCTGCTGCGTATACCTATGGTAATTGTGTGYCAGCMGCCGCGGTAA
Plate 3	H1	8-AM21	3	H1	515rcbc276	AATGATACGGCGACCACCGAGATCTACACGCT	GAGAAGCTTATA	TATGGTAATT	GT	GTGYCAGCMGCCGCGGTAA	AATGATACGGCGACCACCGAGATCTACACGCTGAGAAGCTTATATATGGTAATTGTGTGYCAGCMGCCGCGGTAA
Plate 3	A2	9-AM21	3	A2	515rcbc193	AATGATACGGCGACCACCGAGATCTACACGCT	GGCGTAACGGCA	TATGGTAATT	GT	GTGYCAGCMGCCGCGGTAA	AATGATACGGCGACCACCGAGATCTACACGCTGGCGTAACGGCATATGGTAATTGTGTGYCAGCMGCCGCGGTAA
Plate 3	B2	10-AM21	3	B2	515rcbc205	AATGATACGGCGACCACCGAGATCTACACGCT	AATACAGACCTG	TATGGTAATT	GT	GTGYCAGCMGCCGCGGTAA	AATGATACGGCGACCACCGAGATCTACACGCTAATACAGACCTGTATGGTAATTGTGTGYCAGCMGCCGCGGTAA
Plate 3	C2	11-AM21	3	C2	515rcbc217	AATGATACGGCGACCACCGAGATCTACACGCT	GATCTAATCGAG	TATGGTAATT	GT	GTGYCAGCMGCCGCGGTAA	AATGATACGGCGACCACCGAGATCTACACGCTGATCTAATCGAGTATGGTAATTGTGTGYCAGCMGCCGCGGTAA
Plate 3	D2	12-AM21	3	D2	515rcbc229	AATGATACGGCGACCACCGAGATCTACACGCT	CCGCAGCCGCAG	TATGGTAATT	GT	GTGYCAGCMGCCGCGGTAA	AATGATACGGCGACCACCGAGATCTACACGCTCCGCAGCCGCAGTATGGTAATTGTGTGYCAGCMGCCGCGGTAA
Plate 3	E2	13-AM21	3	E2	515rcbc241	AATGATACGGCGACCACCGAGATCTACACGCT	GAACCGTGCAGG	TATGGTAATT	GT	GTGYCAGCMGCCGCGGTAA	AATGATACGGCGACCACCGAGATCTACACGCTGAACCGTGCAGGTATGGTAATTGTGTGYCAGCMGCCGCGGTAA
Plate 3	F2	14-AM21	3	F2	515rcbc253	AATGATACGGCGACCACCGAGATCTACACGCT	ACTAAGTACCCG	TATGGTAATT	GT	GTGYCAGCMGCCGCGGTAA	AATGATACGGCGACCACCGAGATCTACACGCTACTAAGTACCCGTATGGTAATTGTGTGYCAGCMGCCGCGGTAA
Plate 3	G2	15-AM21	3	G2	515rcbc265	AATGATACGGCGACCACCGAGATCTACACGCT	CTCAGCGGGACG	TATGGTAATT	GT	GTGYCAGCMGCCGCGGTAA	AATGATACGGCGACCACCGAGATCTACACGCTCTCAGCGGGACGTATGGTAATTGTGTGYCAGCMGCCGCGGTAA
Plate 3	H2	16-AM21	3	H2	515rcbc277	AATGATACGGCGACCACCGAGATCTACACGCT	GTTAACTTACTA	TATGGTAATT	GT	GTGYCAGCMGCCGCGGTAA	AATGATACGGCGACCACCGAGATCTACACGCTGTTAACTTACTATATGGTAATTGTGTGYCAGCMGCCGCGGTAA
Plate 3	A3	17-AM21	3	A3	515rcbc194	AATGATACGGCGACCACCGAGATCTACACGCT	GCGAGGAAGTCC	TATGGTAATT	GT	GTGYCAGCMGCCGCGGTAA	AATGATACGGCGACCACCGAGATCTACACGCTGCGAGGAAGTCCTATGGTAATTGTGTGYCAGCMGCCGCGGTAA
Plate 3	B3	18-AM21	3	B3	515rcbc206	AATGATACGGCGACCACCGAGATCTACACGCT	GGACAAGTGCGA	TATGGTAATT	GT	GTGYCAGCMGCCGCGGTAA	AATGATACGGCGACCACCGAGATCTACACGCTGGACAAGTGCGATATGGTAATTGTGTGYCAGCMGCCGCGGTAA
Plate 3	C3	19-AM21	3	C3	515rcbc218	AATGATACGGCGACCACCGAGATCTACACGCT	CTGATGTACACG	TATGGTAATT	GT	GTGYCAGCMGCCGCGGTAA	AATGATACGGCGACCACCGAGATCTACACGCTCTGATGTACACGTATGGTAATTGTGTGYCAGCMGCCGCGGTAA
Plate 3	D3	20-AM21	3	D3	515rcbc230	AATGATACGGCGACCACCGAGATCTACACGCT	TGGAGCCTTGTC	TATGGTAATT	GT	GTGYCAGCMGCCGCGGTAA	AATGATACGGCGACCACCGAGATCTACACGCTTGGAGCCTTGTCTATGGTAATTGTGTGYCAGCMGCCGCGGTAA
Plate 3	E3	21-AM21	3	E3	515rcbc242	AATGATACGGCGACCACCGAGATCTACACGCT	ACGTGCCTTAGA	TATGGTAATT	GT	GTGYCAGCMGCCGCGGTAA	AATGATACGGCGACCACCGAGATCTACACGCTACGTGCCTTAGATATGGTAATTGTGTGYCAGCMGCCGCGGTAA
Plate 3	F3	22-AM21	3	F3	515rcbc254	AATGATACGGCGACCACCGAGATCTACACGCT	CACCCTTGCGAC	TATGGTAATT	GT	GTGYCAGCMGCCGCGGTAA	AATGATACGGCGACCACCGAGATCTACACGCTCACCCTTGCGACTATGGTAATTGTGTGYCAGCMGCCGCGGTAA
Plate 3	G3	23-AM21	3	G3	515rcbc266	AATGATACGGCGACCACCGAGATCTACACGCT	ATGCCTCGTAAG	TATGGTAATT	GT	GTGYCAGCMGCCGCGGTAA	AATGATACGGCGACCACCGAGATCTACACGCTATGCCTCGTAAGTATGGTAATTGTGTGYCAGCMGCCGCGGTAA
Plate 3	H3	24-AM21	3	H3	515rcbc278	AATGATACGGCGACCACCGAGATCTACACGCT	GTTGTTCTGGGA	TATGGTAATT	GT	GTGYCAGCMGCCGCGGTAA	AATGATACGGCGACCACCGAGATCTACACGCTGTTGTTCTGGGATATGGTAATTGTGTGYCAGCMGCCGCGGTAA
Plate 3	A4	25-AM21	3	A4	515rcbc195	AATGATACGGCGACCACCGAGATCTACACGCT	CAAATTCGGGAT	TATGGTAATT	GT	GTGYCAGCMGCCGCGGTAA	AATGATACGGCGACCACCGAGATCTACACGCTCAAATTCGGGATTATGGTAATTGTGTGYCAGCMGCCGCGGTAA
Plate 3	B4	26-AM21	3	B4	515rcbc207	AATGATACGGCGACCACCGAGATCTACACGCT	TACGGTCTGGAT	TATGGTAATT	GT	GTGYCAGCMGCCGCGGTAA	AATGATACGGCGACCACCGAGATCTACACGCTTACGGTCTGGATTATGGTAATTGTGTGYCAGCMGCCGCGGTAA
Plate 3	C4	27-AM21	3	C4	515rcbc219	AATGATACGGCGACCACCGAGATCTACACGCT	ACGTATTCGAAG	TATGGTAATT	GT	GTGYCAGCMGCCGCGGTAA	AATGATACGGCGACCACCGAGATCTACACGCTACGTATTCGAAGTATGGTAATTGTGTGYCAGCMGCCGCGGTAA
Plate 3	D4	28-AM21	3	D4	515rcbc231	AATGATACGGCGACCACCGAGATCTACACGCT	TTACTTATCCGA	TATGGTAATT	GT	GTGYCAGCMGCCGCGGTAA	AATGATACGGCGACCACCGAGATCTACACGCTTTACTTATCCGATATGGTAATTGTGTGYCAGCMGCCGCGGTAA
Plate 3	E4	29-AM21	3	E4	515rcbc243	AATGATACGGCGACCACCGAGATCTACACGCT	AGTTGTAGTCCG	TATGGTAATT	GT	GTGYCAGCMGCCGCGGTAA	AATGATACGGCGACCACCGAGATCTACACGCTAGTTGTAGTCCGTATGGTAATTGTGTGYCAGCMGCCGCGGTAA
Plate 3	F4	30-AM21	3	F4	515rcbc255	AATGATACGGCGACCACCGAGATCTACACGCT	GATGCCTAATGA	TATGGTAATT	GT	GTGYCAGCMGCCGCGGTAA	AATGATACGGCGACCACCGAGATCTACACGCTGATGCCTAATGATATGGTAATTGTGTGYCAGCMGCCGCGGTAA
Plate 3	G4	31-AM21	3	G4	515rcbc267	AATGATACGGCGACCACCGAGATCTACACGCT	TTAGTTTGTCAC	TATGGTAATT	GT	GTGYCAGCMGCCGCGGTAA	AATGATACGGCGACCACCGAGATCTACACGCTTTAGTTTGTCACTATGGTAATTGTGTGYCAGCMGCCGCGGTAA
Plate 3	H4	32-AM21	3	H4	515rcbc279	AATGATACGGCGACCACCGAGATCTACACGCT	AGGGTGACTTTA	TATGGTAATT	GT	GTGYCAGCMGCCGCGGTAA	AATGATACGGCGACCACCGAGATCTACACGCTAGGGTGACTTTATATGGTAATTGTGTGYCAGCMGCCGCGGTAA
Plate 3	A5	33-AM21	3	A5	515rcbc196	AATGATACGGCGACCACCGAGATCTACACGCT	TTGTGTCTCCCT	TATGGTAATT	GT	GTGYCAGCMGCCGCGGTAA	AATGATACGGCGACCACCGAGATCTACACGCTTTGTGTCTCCCTTATGGTAATTGTGTGYCAGCMGCCGCGGTAA
Plate 3	B5	34-AM21	3	B5	515rcbc208	AATGATACGGCGACCACCGAGATCTACACGCT	TTCAGTTCGTTA	TATGGTAATT	GT	GTGYCAGCMGCCGCGGTAA	AATGATACGGCGACCACCGAGATCTACACGCTTTCAGTTCGTTATATGGTAATTGTGTGYCAGCMGCCGCGGTAA
Plate 3	C5	35-AM21	3	C5	515rcbc220	AATGATACGGCGACCACCGAGATCTACACGCT	GACGTTAAGAAT	TATGGTAATT	GT	GTGYCAGCMGCCGCGGTAA	AATGATACGGCGACCACCGAGATCTACACGCTGACGTTAAGAATTATGGTAATTGTGTGYCAGCMGCCGCGGTAA
Plate 3	D5	36-AM21	3	D5	515rcbc232	AATGATACGGCGACCACCGAGATCTACACGCT	ATGGGACCTTCA	TATGGTAATT	GT	GTGYCAGCMGCCGCGGTAA	AATGATACGGCGACCACCGAGATCTACACGCTATGGGACCTTCATATGGTAATTGTGTGYCAGCMGCCGCGGTAA
Plate 3	E5	37-AM21	3	E5	515rcbc244	AATGATACGGCGACCACCGAGATCTACACGCT	AGGGACTTCAAT	TATGGTAATT	GT	GTGYCAGCMGCCGCGGTAA	AATGATACGGCGACCACCGAGATCTACACGCTAGGGACTTCAATTATGGTAATTGTGTGYCAGCMGCCGCGGTAA
Plate 3	F5	38-AM21	3	F5	515rcbc256	AATGATACGGCGACCACCGAGATCTACACGCT	GTACGTCACTGA	TATGGTAATT	GT	GTGYCAGCMGCCGCGGTAA	AATGATACGGCGACCACCGAGATCTACACGCTGTACGTCACTGATATGGTAATTGTGTGYCAGCMGCCGCGGTAA
Plate 3	G5	39-AM21	3	G5	515rcbc268	AATGATACGGCGACCACCGAGATCTACACGCT	CCGGCCGCGTGC	TATGGTAATT	GT	GTGYCAGCMGCCGCGGTAA	AATGATACGGCGACCACCGAGATCTACACGCTCCGGCCGCGTGCTATGGTAATTGTGTGYCAGCMGCCGCGGTAA
Plate 3	H5	40-AM21	3	H5	515rcbc280	AATGATACGGCGACCACCGAGATCTACACGCT	GCCGCCAGGGTC	TATGGTAATT	GT	GTGYCAGCMGCCGCGGTAA	AATGATACGGCGACCACCGAGATCTACACGCTGCCGCCAGGGTCTATGGTAATTGTGTGYCAGCMGCCGCGGTAA
Plate 3	A6	47-AM21	3	A6	515rcbc197	AATGATACGGCGACCACCGAGATCTACACGCT	CAATGTAGACAC	TATGGTAATT	GT	GTGYCAGCMGCCGCGGTAA	AATGATACGGCGACCACCGAGATCTACACGCTCAATGTAGACACTATGGTAATTGTGTGYCAGCMGCCGCGGTAA
Plate 3	B6	48-AM21	3	B6	515rcbc209	AATGATACGGCGACCACCGAGATCTACACGCT	CCGCGTCTCAAC	TATGGTAATT	GT	GTGYCAGCMGCCGCGGTAA	AATGATACGGCGACCACCGAGATCTACACGCTCCGCGTCTCAACTATGGTAATTGTGTGYCAGCMGCCGCGGTAA
Plate 3	C6	49-AM21	3	C6	515rcbc221	AATGATACGGCGACCACCGAGATCTACACGCT	TGGTGGAGTTTC	TATGGTAATT	GT	GTGYCAGCMGCCGCGGTAA	AATGATACGGCGACCACCGAGATCTACACGCTTGGTGGAGTTTCTATGGTAATTGTGTGYCAGCMGCCGCGGTAA
Plate 3	D6	50-AM21	3	D6	515rcbc233	AATGATACGGCGACCACCGAGATCTACACGCT	TCCGATAATCGG	TATGGTAATT	GT	GTGYCAGCMGCCGCGGTAA	AATGATACGGCGACCACCGAGATCTACACGCTTCCGATAATCGGTATGGTAATTGTGTGYCAGCMGCCGCGGTAA
Plate 3	E6	51-AM21	3	E6	515rcbc245	AATGATACGGCGACCACCGAGATCTACACGCT	CGGCCAGAAGCA	TATGGTAATT	GT	GTGYCAGCMGCCGCGGTAA	AATGATACGGCGACCACCGAGATCTACACGCTCGGCCAGAAGCATATGGTAATTGTGTGYCAGCMGCCGCGGTAA
Plate 3	F6	52-AM21	3	F6	515rcbc257	AATGATACGGCGACCACCGAGATCTACACGCT	TCGCTACAGATG	TATGGTAATT	GT	GTGYCAGCMGCCGCGGTAA	AATGATACGGCGACCACCGAGATCTACACGCTTCGCTACAGATGTATGGTAATTGTGTGYCAGCMGCCGCGGTAA
Plate 3	G6	53-AM21	3	G6	515rcbc269	AATGATACGGCGACCACCGAGATCTACACGCT	ATTATGATTATG	TATGGTAATT	GT	GTGYCAGCMGCCGCGGTAA	AATGATACGGCGACCACCGAGATCTACACGCTATTATGATTATGTATGGTAATTGTGTGYCAGCMGCCGCGGTAA
Plate 3	H6	54-AM21	3	H6	515rcbc281	AATGATACGGCGACCACCGAGATCTACACGCT	GCCACCGCCGGA	TATGGTAATT	GT	GTGYCAGCMGCCGCGGTAA	AATGATACGGCGACCACCGAGATCTACACGCTGCCACCGCCGGATATGGTAATTGTGTGYCAGCMGCCGCGGTAA
Plate 3	A7	55-AM21	3	A7	515rcbc198	AATGATACGGCGACCACCGAGATCTACACGCT	AACCACTAACCG	TATGGTAATT	GT	GTGYCAGCMGCCGCGGTAA	AATGATACGGCGACCACCGAGATCTACACGCTAACCACTAACCGTATGGTAATTGTGTGYCAGCMGCCGCGGTAA
Plate 3	B7	56-AM21	3	B7	515rcbc210	AATGATACGGCGACCACCGAGATCTACACGCT	CCGAGGTATAAT	TATGGTAATT	GT	GTGYCAGCMGCCGCGGTAA	AATGATACGGCGACCACCGAGATCTACACGCTCCGAGGTATAATTATGGTAATTGTGTGYCAGCMGCCGCGGTAA
Plate 3	C7	57-AM21	3	C7	515rcbc222	AATGATACGGCGACCACCGAGATCTACACGCT	TTAACAAGGCAA	TATGGTAATT	GT	GTGYCAGCMGCCGCGGTAA	AATGATACGGCGACCACCGAGATCTACACGCTTTAACAAGGCAATATGGTAATTGTGTGYCAGCMGCCGCGGTAA
Plate 3	D7	58-AM21	3	D7	515rcbc234	AATGATACGGCGACCACCGAGATCTACACGCT	AAGTCACACACA	TATGGTAATT	GT	GTGYCAGCMGCCGCGGTAA	AATGATACGGCGACCACCGAGATCTACACGCTAAGTCACACACATATGGTAATTGTGTGYCAGCMGCCGCGGTAA
Plate 3	E7	59-AM21	3	E7	515rcbc246	AATGATACGGCGACCACCGAGATCTACACGCT	TGGCAGCGAGCC	TATGGTAATT	GT	GTGYCAGCMGCCGCGGTAA	AATGATACGGCGACCACCGAGATCTACACGCTTGGCAGCGAGCCTATGGTAATTGTGTGYCAGCMGCCGCGGTAA
Plate 3	F7	60-AM21	3	F7	515rcbc258	AATGATACGGCGACCACCGAGATCTACACGCT	CCGGCTTATGTG	TATGGTAATT	GT	GTGYCAGCMGCCGCGGTAA	AATGATACGGCGACCACCGAGATCTACACGCTCCGGCTTATGTGTATGGTAATTGTGTGYCAGCMGCCGCGGTAA
Plate 3	G7	61-AM21	3	G7	515rcbc270	AATGATACGGCGACCACCGAGATCTACACGCT	CGAATACTGACA	TATGGTAATT	GT	GTGYCAGCMGCCGCGGTAA	AATGATACGGCGACCACCGAGATCTACACGCTCGAATACTGACATATGGTAATTGTGTGYCAGCMGCCGCGGTAA
Plate 3	H7	62-AM21	3	H7	515rcbc282	AATGATACGGCGACCACCGAGATCTACACGCT	ACACACCCTGAC	TATGGTAATT	GT	GTGYCAGCMGCCGCGGTAA	AATGATACGGCGACCACCGAGATCTACACGCTACACACCCTGACTATGGTAATTGTGTGYCAGCMGCCGCGGTAA
Plate 3	A8	63-AM21	3	A8	515rcbc199	AATGATACGGCGACCACCGAGATCTACACGCT	AACTTTCAGGAG	TATGGTAATT	GT	GTGYCAGCMGCCGCGGTAA	AATGATACGGCGACCACCGAGATCTACACGCTAACTTTCAGGAGTATGGTAATTGTGTGYCAGCMGCCGCGGTAA
Plate 3	B8	64-AM21	3	B8	515rcbc211	AATGATACGGCGACCACCGAGATCTACACGCT	AGATTCGCTCGA	TATGGTAATT	GT	GTGYCAGCMGCCGCGGTAA	AATGATACGGCGACCACCGAGATCTACACGCTAGATTCGCTCGATATGGTAATTGTGTGYCAGCMGCCGCGGTAA
Plate 3	C8	65-AM21	3	C8	515rcbc223	AATGATACGGCGACCACCGAGATCTACACGCT	AACCGCATAAGT	TATGGTAATT	GT	GTGYCAGCMGCCGCGGTAA	AATGATACGGCGACCACCGAGATCTACACGCTAACCGCATAAGTTATGGTAATTGTGTGYCAGCMGCCGCGGTAA
Plate 3	D8	66-AM21	3	D8	515rcbc235	AATGATACGGCGACCACCGAGATCTACACGCT	GAAGTAGCGAGC	TATGGTAATT	GT	GTGYCAGCMGCCGCGGTAA	AATGATACGGCGACCACCGAGATCTACACGCTGAAGTAGCGAGCTATGGTAATTGTGTGYCAGCMGCCGCGGTAA
Plate 3	E8	67-AM21	3	E8	515rcbc247	AATGATACGGCGACCACCGAGATCTACACGCT	GTGAATGTTCGA	TATGGTAATT	GT	GTGYCAGCMGCCGCGGTAA	AATGATACGGCGACCACCGAGATCTACACGCTGTGAATGTTCGATATGGTAATTGTGTGYCAGCMGCCGCGGTAA
Plate 3	F8	68-AM21	3	F8	515rcbc259	AATGATACGGCGACCACCGAGATCTACACGCT	ATAGTCCTTTAA	TATGGTAATT	GT	GTGYCAGCMGCCGCGGTAA	AATGATACGGCGACCACCGAGATCTACACGCTATAGTCCTTTAATATGGTAATTGTGTGYCAGCMGCCGCGGTAA
Plate 3	G8	69-AM21	3	G8	515rcbc271	AATGATACGGCGACCACCGAGATCTACACGCT	TCTTATAACGCT	TATGGTAATT	GT	GTGYCAGCMGCCGCGGTAA	AATGATACGGCGACCACCGAGATCTACACGCTTCTTATAACGCTTATGGTAATTGTGTGYCAGCMGCCGCGGTAA
Plate 3	H8	70-AM21	3	H8	515rcbc283	AATGATACGGCGACCACCGAGATCTACACGCT	TATAGGCTCCGC	TATGGTAATT	GT	GTGYCAGCMGCCGCGGTAA	AATGATACGGCGACCACCGAGATCTACACGCTTATAGGCTCCGCTATGGTAATTGTGTGYCAGCMGCCGCGGTAA
Plate 3	A9	71-AM21	3	A9	515rcbc200	AATGATACGGCGACCACCGAGATCTACACGCT	CCAGGACAGGAA	TATGGTAATT	GT	GTGYCAGCMGCCGCGGTAA	AATGATACGGCGACCACCGAGATCTACACGCTCCAGGACAGGAATATGGTAATTGTGTGYCAGCMGCCGCGGTAA
Plate 3	B9	72-AM21	3	B9	515rcbc212	AATGATACGGCGACCACCGAGATCTACACGCT	TTGCCGCTCTGG	TATGGTAATT	GT	GTGYCAGCMGCCGCGGTAA	AATGATACGGCGACCACCGAGATCTACACGCTTTGCCGCTCTGGTATGGTAATTGTGTGYCAGCMGCCGCGGTAA
Plate 3	C9	73-AM21	3	C9	515rcbc224	AATGATACGGCGACCACCGAGATCTACACGCT	CCACAACGATCA	TATGGTAATT	GT	GTGYCAGCMGCCGCGGTAA	AATGATACGGCGACCACCGAGATCTACACGCTCCACAACGATCATATGGTAATTGTGTGYCAGCMGCCGCGGTAA
Plate 3	D9	74-AM21	3	D9	515rcbc236	AATGATACGGCGACCACCGAGATCTACACGCT	CACCATCTCCGG	TATGGTAATT	GT	GTGYCAGCMGCCGCGGTAA	AATGATACGGCGACCACCGAGATCTACACGCTCACCATCTCCGGTATGGTAATTGTGTGYCAGCMGCCGCGGTAA
Plate 3	E9	75-AM21	3	E9	515rcbc248	AATGATACGGCGACCACCGAGATCTACACGCT	TATGTTGACGGC	TATGGTAATT	GT	GTGYCAGCMGCCGCGGTAA	AATGATACGGCGACCACCGAGATCTACACGCTTATGTTGACGGCTATGGTAATTGTGTGYCAGCMGCCGCGGTAA
Plate 3	F9	76-AM21	3	F9	515rcbc260	AATGATACGGCGACCACCGAGATCTACACGCT	TCGAGCCGATCT	TATGGTAATT	GT	GTGYCAGCMGCCGCGGTAA	AATGATACGGCGACCACCGAGATCTACACGCTTCGAGCCGATCTTATGGTAATTGTGTGYCAGCMGCCGCGGTAA
Plate 3	G9	77-AM21	3	G9	515rcbc272	AATGATACGGCGACCACCGAGATCTACACGCT	TAAGGTCGATAA	TATGGTAATT	GT	GTGYCAGCMGCCGCGGTAA	AATGATACGGCGACCACCGAGATCTACACGCTTAAGGTCGATAATATGGTAATTGTGTGYCAGCMGCCGCGGTAA
Plate 3	H9	78-AM21	3	H9	515rcbc284	AATGATACGGCGACCACCGAGATCTACACGCT	ATAATTGCCGAG	TATGGTAATT	GT	GTGYCAGCMGCCGCGGTAA	AATGATACGGCGACCACCGAGATCTACACGCTATAATTGCCGAGTATGGTAATTGTGTGYCAGCMGCCGCGGTAA
Plate 3	A10	79-AM21	3	A10	515rcbc201	AATGATACGGCGACCACCGAGATCTACACGCT	GCGCGGCGTTGC	TATGGTAATT	GT	GTGYCAGCMGCCGCGGTAA	AATGATACGGCGACCACCGAGATCTACACGCTGCGCGGCGTTGCTATGGTAATTGTGTGYCAGCMGCCGCGGTAA
Plate 3	B10	80-AM21	3	B10	515rcbc213	AATGATACGGCGACCACCGAGATCTACACGCT	AGACTTCTCAGG	TATGGTAATT	GT	GTGYCAGCMGCCGCGGTAA	AATGATACGGCGACCACCGAGATCTACACGCTAGACTTCTCAGGTATGGTAATTGTGTGYCAGCMGCCGCGGTAA
Plate 3	C10	81-AM21	3	C10	515rcbc225	AATGATACGGCGACCACCGAGATCTACACGCT	AGTTCTCATTAA	TATGGTAATT	GT	GTGYCAGCMGCCGCGGTAA	AATGATACGGCGACCACCGAGATCTACACGCTAGTTCTCATTAATATGGTAATTGTGTGYCAGCMGCCGCGGTAA
Plate 3	D10	82-AM21	3	D10	515rcbc237	AATGATACGGCGACCACCGAGATCTACACGCT	GTGTCGAGGGCA	TATGGTAATT	GT	GTGYCAGCMGCCGCGGTAA	AATGATACGGCGACCACCGAGATCTACACGCTGTGTCGAGGGCATATGGTAATTGTGTGYCAGCMGCCGCGGTAA
Plate 3	E10	83-AM21	3	E10	515rcbc249	AATGATACGGCGACCACCGAGATCTACACGCT	AGTGTTTCGGAC	TATGGTAATT	GT	GTGYCAGCMGCCGCGGTAA	AATGATACGGCGACCACCGAGATCTACACGCTAGTGTTTCGGACTATGGTAATTGTGTGYCAGCMGCCGCGGTAA
Plate 3	F10	84-AM21	3	F10	515rcbc261	AATGATACGGCGACCACCGAGATCTACACGCT	AGTGCAGGAGCC	TATGGTAATT	GT	GTGYCAGCMGCCGCGGTAA	AATGATACGGCGACCACCGAGATCTACACGCTAGTGCAGGAGCCTATGGTAATTGTGTGYCAGCMGCCGCGGTAA
Plate 3	G10	85-AM21	3	G10	515rcbc273	AATGATACGGCGACCACCGAGATCTACACGCT	GTTGCTGAGTCC	TATGGTAATT	GT	GTGYCAGCMGCCGCGGTAA	AATGATACGGCGACCACCGAGATCTACACGCTGTTGCTGAGTCCTATGGTAATTGTGTGYCAGCMGCCGCGGTAA
Plate 3	H10	86-AM21	3	H10	515rcbc285	AATGATACGGCGACCACCGAGATCTACACGCT	CGGAGAGACATG	TATGGTAATT	GT	GTGYCAGCMGCCGCGGTAA	AATGATACGGCGACCACCGAGATCTACACGCTCGGAGAGACATGTATGGTAATTGTGTGYCAGCMGCCGCGGTAA
Plate 3	A11	87-AM21	3	A11	515rcbc202	AATGATACGGCGACCACCGAGATCTACACGCT	GTCGCTTGCACA	TATGGTAATT	GT	GTGYCAGCMGCCGCGGTAA	AATGATACGGCGACCACCGAGATCTACACGCTGTCGCTTGCACATATGGTAATTGTGTGYCAGCMGCCGCGGTAA
Plate 3	B11	88-AM21	3	B11	515rcbc214	AATGATACGGCGACCACCGAGATCTACACGCT	TCTTGCGGAGTC	TATGGTAATT	GT	GTGYCAGCMGCCGCGGTAA	AATGATACGGCGACCACCGAGATCTACACGCTTCTTGCGGAGTCTATGGTAATTGTGTGYCAGCMGCCGCGGTAA
Plate 3	C11	89-AM21	3	C11	515rcbc226	AATGATACGGCGACCACCGAGATCTACACGCT	GAGCCATCTGTA	TATGGTAATT	GT	GTGYCAGCMGCCGCGGTAA	AATGATACGGCGACCACCGAGATCTACACGCTGAGCCATCTGTATATGGTAATTGTGTGYCAGCMGCCGCGGTAA
Plate 3	D11	90-AM21	3	D11	515rcbc238	AATGATACGGCGACCACCGAGATCTACACGCT	TTCCACACGTGG	TATGGTAATT	GT	GTGYCAGCMGCCGCGGTAA	AATGATACGGCGACCACCGAGATCTACACGCTTTCCACACGTGGTATGGTAATTGTGTGYCAGCMGCCGCGGTAA
Plate 3	E11	91-AM21	3	E11	515rcbc250	AATGATACGGCGACCACCGAGATCTACACGCT	ATTTCCGCTAAT	TATGGTAATT	GT	GTGYCAGCMGCCGCGGTAA	AATGATACGGCGACCACCGAGATCTACACGCTATTTCCGCTAATTATGGTAATTGTGTGYCAGCMGCCGCGGTAA
Plate 3	F11	92-AM21	3	F11	515rcbc262	AATGATACGGCGACCACCGAGATCTACACGCT	GTACTCGAACCA	TATGGTAATT	GT	GTGYCAGCMGCCGCGGTAA	AATGATACGGCGACCACCGAGATCTACACGCTGTACTCGAACCATATGGTAATTGTGTGYCAGCMGCCGCGGTAA
Plate 3	G11	93-AM21	3	G11	515rcbc274	AATGATACGGCGACCACCGAGATCTACACGCT	ACACCGCACAAT	TATGGTAATT	GT	GTGYCAGCMGCCGCGGTAA	AATGATACGGCGACCACCGAGATCTACACGCTACACCGCACAATTATGGTAATTGTGTGYCAGCMGCCGCGGTAA
Plate 3	H11	94-AM21	3	H11	515rcbc286	AATGATACGGCGACCACCGAGATCTACACGCT	CAGCCCTACCCA	TATGGTAATT	GT	GTGYCAGCMGCCGCGGTAA	AATGATACGGCGACCACCGAGATCTACACGCTCAGCCCTACCCATATGGTAATTGTGTGYCAGCMGCCGCGGTAA
Plate 3	A12	95-AM21	3	A12	515rcbc203	AATGATACGGCGACCACCGAGATCTACACGCT	TCCGCCTAGTCG	TATGGTAATT	GT	GTGYCAGCMGCCGCGGTAA	AATGATACGGCGACCACCGAGATCTACACGCTTCCGCCTAGTCGTATGGTAATTGTGTGYCAGCMGCCGCGGTAA
Plate 3	B12	96-AM21	3	B12	515rcbc215	AATGATACGGCGACCACCGAGATCTACACGCT	CTATCTCCTGTC	TATGGTAATT	GT	GTGYCAGCMGCCGCGGTAA	AATGATACGGCGACCACCGAGATCTACACGCTCTATCTCCTGTCTATGGTAATTGTGTGYCAGCMGCCGCGGTAA
Plate 3	C12	97-AM21	3	C12	515rcbc227	AATGATACGGCGACCACCGAGATCTACACGCT	GATATACCAGTG	TATGGTAATT	GT	GTGYCAGCMGCCGCGGTAA	AATGATACGGCGACCACCGAGATCTACACGCTGATATACCAGTGTATGGTAATTGTGTGYCAGCMGCCGCGGTAA
Plate 3	D12	98-AM21	3	D12	515rcbc239	AATGATACGGCGACCACCGAGATCTACACGCT	AGAATCCACCAC	TATGGTAATT	GT	GTGYCAGCMGCCGCGGTAA	AATGATACGGCGACCACCGAGATCTACACGCTAGAATCCACCACTATGGTAATTGTGTGYCAGCMGCCGCGGTAA
Plate 3	E12	NTC1_Plate3_PCR1	3	E12	515rcbc251	AATGATACGGCGACCACCGAGATCTACACGCT	CAAACCTATGGC	TATGGTAATT	GT	GTGYCAGCMGCCGCGGTAA	AATGATACGGCGACCACCGAGATCTACACGCTCAAACCTATGGCTATGGTAATTGTGTGYCAGCMGCCGCGGTAA
Plate 3	F12	NTC2_Plate3_PCR1	3	F12	515rcbc263	AATGATACGGCGACCACCGAGATCTACACGCT	ATAGGAATAACC	TATGGTAATT	GT	GTGYCAGCMGCCGCGGTAA	AATGATACGGCGACCACCGAGATCTACACGCTATAGGAATAACCTATGGTAATTGTGTGYCAGCMGCCGCGGTAA
Plate 3	G12	NTC3_Plate3_PCR1	3	G12	515rcbc275	AATGATACGGCGACCACCGAGATCTACACGCT	CACAACCACAAC	TATGGTAATT	GT	GTGYCAGCMGCCGCGGTAA	AATGATACGGCGACCACCGAGATCTACACGCTCACAACCACAACTATGGTAATTGTGTGYCAGCMGCCGCGGTAA
Plate 3	H12	PTC1_Plate3_PCR1	3	H12	515rcbc287	AATGATACGGCGACCACCGAGATCTACACGCT	TCGTTGGGACTA	TATGGTAATT	GT	GTGYCAGCMGCCGCGGTAA	AATGATACGGCGACCACCGAGATCTACACGCTTCGTTGGGACTATATGGTAATTGTGTGYCAGCMGCCGCGGTAA
Plate 4	A1	01 T	4	A1	515rcbc288	AATGATACGGCGACCACCGAGATCTACACGCT	TAGGACGGGAGT	TATGGTAATT	GT	GTGYCAGCMGCCGCGGTAA	AATGATACGGCGACCACCGAGATCTACACGCTTAGGACGGGAGTTATGGTAATTGTGTGYCAGCMGCCGCGGTAA
Plate 4	B1	02 T	4	B1	515rcbc300	AATGATACGGCGACCACCGAGATCTACACGCT	GTTTGGCCACAC	TATGGTAATT	GT	GTGYCAGCMGCCGCGGTAA	AATGATACGGCGACCACCGAGATCTACACGCTGTTTGGCCACACTATGGTAATTGTGTGYCAGCMGCCGCGGTAA
Plate 4	C1	03 T	4	C1	515rcbc312	AATGATACGGCGACCACCGAGATCTACACGCT	TATATAGTATCC	TATGGTAATT	GT	GTGYCAGCMGCCGCGGTAA	AATGATACGGCGACCACCGAGATCTACACGCTTATATAGTATCCTATGGTAATTGTGTGYCAGCMGCCGCGGTAA
Plate 4	D1	04 T	4	D1	515rcbc324	AATGATACGGCGACCACCGAGATCTACACGCT	CATAAGGGAGGC	TATGGTAATT	GT	GTGYCAGCMGCCGCGGTAA	AATGATACGGCGACCACCGAGATCTACACGCTCATAAGGGAGGCTATGGTAATTGTGTGYCAGCMGCCGCGGTAA
Plate 4	E1	05 T	4	E1	515rcbc336	AATGATACGGCGACCACCGAGATCTACACGCT	GTGCAACCAATC	TATGGTAATT	GT	GTGYCAGCMGCCGCGGTAA	AATGATACGGCGACCACCGAGATCTACACGCTGTGCAACCAATCTATGGTAATTGTGTGYCAGCMGCCGCGGTAA
Plate 4	F1	06 T	4	F1	515rcbc348	AATGATACGGCGACCACCGAGATCTACACGCT	CTCACCTAGGAA	TATGGTAATT	GT	GTGYCAGCMGCCGCGGTAA	AATGATACGGCGACCACCGAGATCTACACGCTCTCACCTAGGAATATGGTAATTGTGTGYCAGCMGCCGCGGTAA
Plate 4	G1	07 T	4	G1	515rcbc360	AATGATACGGCGACCACCGAGATCTACACGCT	TACTGTACTGTT	TATGGTAATT	GT	GTGYCAGCMGCCGCGGTAA	AATGATACGGCGACCACCGAGATCTACACGCTTACTGTACTGTTTATGGTAATTGTGTGYCAGCMGCCGCGGTAA
Plate 4	H1	08 T	4	H1	515rcbc372	AATGATACGGCGACCACCGAGATCTACACGCT	CTAGAGCTCCCA	TATGGTAATT	GT	GTGYCAGCMGCCGCGGTAA	AATGATACGGCGACCACCGAGATCTACACGCTCTAGAGCTCCCATATGGTAATTGTGTGYCAGCMGCCGCGGTAA
Plate 4	A2	09 T	4	A2	515rcbc289	AATGATACGGCGACCACCGAGATCTACACGCT	AAGTCTTATCTC	TATGGTAATT	GT	GTGYCAGCMGCCGCGGTAA	AATGATACGGCGACCACCGAGATCTACACGCTAAGTCTTATCTCTATGGTAATTGTGTGYCAGCMGCCGCGGTAA
Plate 4	B2	10 T	4	B2	515rcbc301	AATGATACGGCGACCACCGAGATCTACACGCT	GTCCTACACAGC	TATGGTAATT	GT	GTGYCAGCMGCCGCGGTAA	AATGATACGGCGACCACCGAGATCTACACGCTGTCCTACACAGCTATGGTAATTGTGTGYCAGCMGCCGCGGTAA
Plate 4	C2	11 T	4	C2	515rcbc313	AATGATACGGCGACCACCGAGATCTACACGCT	ACTGTTTACTGT	TATGGTAATT	GT	GTGYCAGCMGCCGCGGTAA	AATGATACGGCGACCACCGAGATCTACACGCTACTGTTTACTGTTATGGTAATTGTGTGYCAGCMGCCGCGGTAA
Plate 4	D2	12 T	4	D2	515rcbc325	AATGATACGGCGACCACCGAGATCTACACGCT	CAGGCCACTCTC	TATGGTAATT	GT	GTGYCAGCMGCCGCGGTAA	AATGATACGGCGACCACCGAGATCTACACGCTCAGGCCACTCTCTATGGTAATTGTGTGYCAGCMGCCGCGGTAA
Plate 4	E2	13 T	4	E2	515rcbc337	AATGATACGGCGACCACCGAGATCTACACGCT	ACCCAAGCGTTA	TATGGTAATT	GT	GTGYCAGCMGCCGCGGTAA	AATGATACGGCGACCACCGAGATCTACACGCTACCCAAGCGTTATATGGTAATTGTGTGYCAGCMGCCGCGGTAA
Plate 4	F2	14 T	4	F2	515rcbc349	AATGATACGGCGACCACCGAGATCTACACGCT	AGATGCAATGAT	TATGGTAATT	GT	GTGYCAGCMGCCGCGGTAA	AATGATACGGCGACCACCGAGATCTACACGCTAGATGCAATGATTATGGTAATTGTGTGYCAGCMGCCGCGGTAA
Plate 4	G2	15 T	4	G2	515rcbc361	AATGATACGGCGACCACCGAGATCTACACGCT	TCTCGCACTGGA	TATGGTAATT	GT	GTGYCAGCMGCCGCGGTAA	AATGATACGGCGACCACCGAGATCTACACGCTTCTCGCACTGGATATGGTAATTGTGTGYCAGCMGCCGCGGTAA
Plate 4	H2	16 T	4	H2	515rcbc373	AATGATACGGCGACCACCGAGATCTACACGCT	GGTCTTAGCACC	TATGGTAATT	GT	GTGYCAGCMGCCGCGGTAA	AATGATACGGCGACCACCGAGATCTACACGCTGGTCTTAGCACCTATGGTAATTGTGTGYCAGCMGCCGCGGTAA
Plate 4	A3	17 T	4	A3	515rcbc290	AATGATACGGCGACCACCGAGATCTACACGCT	TTGCACCGTCGA	TATGGTAATT	GT	GTGYCAGCMGCCGCGGTAA	AATGATACGGCGACCACCGAGATCTACACGCTTTGCACCGTCGATATGGTAATTGTGTGYCAGCMGCCGCGGTAA
Plate 4	B3	18 T	4	B3	515rcbc302	AATGATACGGCGACCACCGAGATCTACACGCT	ATTTACAATTGA	TATGGTAATT	GT	GTGYCAGCMGCCGCGGTAA	AATGATACGGCGACCACCGAGATCTACACGCTATTTACAATTGATATGGTAATTGTGTGYCAGCMGCCGCGGTAA
Plate 4	C3	19 T	4	C3	515rcbc314	AATGATACGGCGACCACCGAGATCTACACGCT	GTCACGGACATT	TATGGTAATT	GT	GTGYCAGCMGCCGCGGTAA	AATGATACGGCGACCACCGAGATCTACACGCTGTCACGGACATTTATGGTAATTGTGTGYCAGCMGCCGCGGTAA
Plate 4	D3	20 T	4	D3	515rcbc326	AATGATACGGCGACCACCGAGATCTACACGCT	ACAGTTGTACGC	TATGGTAATT	GT	GTGYCAGCMGCCGCGGTAA	AATGATACGGCGACCACCGAGATCTACACGCTACAGTTGTACGCTATGGTAATTGTGTGYCAGCMGCCGCGGTAA
Plate 4	E3	21 T	4	E3	515rcbc338	AATGATACGGCGACCACCGAGATCTACACGCT	ACTGGCAAACCT	TATGGTAATT	GT	GTGYCAGCMGCCGCGGTAA	AATGATACGGCGACCACCGAGATCTACACGCTACTGGCAAACCTTATGGTAATTGTGTGYCAGCMGCCGCGGTAA
Plate 4	F3	22 T	4	F3	515rcbc350	AATGATACGGCGACCACCGAGATCTACACGCT	GCATTCGGCGTT	TATGGTAATT	GT	GTGYCAGCMGCCGCGGTAA	AATGATACGGCGACCACCGAGATCTACACGCTGCATTCGGCGTTTATGGTAATTGTGTGYCAGCMGCCGCGGTAA
Plate 4	G3	23 T	4	G3	515rcbc362	AATGATACGGCGACCACCGAGATCTACACGCT	ACCAGTGACTCA	TATGGTAATT	GT	GTGYCAGCMGCCGCGGTAA	AATGATACGGCGACCACCGAGATCTACACGCTACCAGTGACTCATATGGTAATTGTGTGYCAGCMGCCGCGGTAA
Plate 4	H3	24 T	4	H3	515rcbc374	AATGATACGGCGACCACCGAGATCTACACGCT	GCCTACTCTCGG	TATGGTAATT	GT	GTGYCAGCMGCCGCGGTAA	AATGATACGGCGACCACCGAGATCTACACGCTGCCTACTCTCGGTATGGTAATTGTGTGYCAGCMGCCGCGGTAA
Plate 4	A4	25 T	4	A4	515rcbc291	AATGATACGGCGACCACCGAGATCTACACGCT	CTCCGAACAACA	TATGGTAATT	GT	GTGYCAGCMGCCGCGGTAA	AATGATACGGCGACCACCGAGATCTACACGCTCTCCGAACAACATATGGTAATTGTGTGYCAGCMGCCGCGGTAA
Plate 4	B4	26 T	4	B4	515rcbc303	AATGATACGGCGACCACCGAGATCTACACGCT	CCACTGCCCACC	TATGGTAATT	GT	GTGYCAGCMGCCGCGGTAA	AATGATACGGCGACCACCGAGATCTACACGCTCCACTGCCCACCTATGGTAATTGTGTGYCAGCMGCCGCGGTAA
Plate 4	C4	27 T	4	C4	515rcbc315	AATGATACGGCGACCACCGAGATCTACACGCT	GAATATACCTGG	TATGGTAATT	GT	GTGYCAGCMGCCGCGGTAA	AATGATACGGCGACCACCGAGATCTACACGCTGAATATACCTGGTATGGTAATTGTGTGYCAGCMGCCGCGGTAA
Plate 4	D4	28 T	4	D4	515rcbc327	AATGATACGGCGACCACCGAGATCTACACGCT	ACCAGAAATGTC	TATGGTAATT	GT	GTGYCAGCMGCCGCGGTAA	AATGATACGGCGACCACCGAGATCTACACGCTACCAGAAATGTCTATGGTAATTGTGTGYCAGCMGCCGCGGTAA
Plate 4	E4	29 T	4	E4	515rcbc339	AATGATACGGCGACCACCGAGATCTACACGCT	AACACCATCGAC	TATGGTAATT	GT	GTGYCAGCMGCCGCGGTAA	AATGATACGGCGACCACCGAGATCTACACGCTAACACCATCGACTATGGTAATTGTGTGYCAGCMGCCGCGGTAA
Plate 4	F4	30 T	4	F4	515rcbc351	AATGATACGGCGACCACCGAGATCTACACGCT	TCTACATACATA	TATGGTAATT	GT	GTGYCAGCMGCCGCGGTAA	AATGATACGGCGACCACCGAGATCTACACGCTTCTACATACATATATGGTAATTGTGTGYCAGCMGCCGCGGTAA
Plate 4	G4	31 T	4	G4	515rcbc363	AATGATACGGCGACCACCGAGATCTACACGCT	TGGCGCACGGAC	TATGGTAATT	GT	GTGYCAGCMGCCGCGGTAA	AATGATACGGCGACCACCGAGATCTACACGCTTGGCGCACGGACTATGGTAATTGTGTGYCAGCMGCCGCGGTAA
Plate 4	H4	32 T	4	H4	515rcbc375	AATGATACGGCGACCACCGAGATCTACACGCT	ACTGCCCGATAC	TATGGTAATT	GT	GTGYCAGCMGCCGCGGTAA	AATGATACGGCGACCACCGAGATCTACACGCTACTGCCCGATACTATGGTAATTGTGTGYCAGCMGCCGCGGTAA
Plate 4	A5	33 T	4	A5	515rcbc292	AATGATACGGCGACCACCGAGATCTACACGCT	TCTGGCTACGAC	TATGGTAATT	GT	GTGYCAGCMGCCGCGGTAA	AATGATACGGCGACCACCGAGATCTACACGCTTCTGGCTACGACTATGGTAATTGTGTGYCAGCMGCCGCGGTAA
Plate 4	B5	34 T	4	B5	515rcbc304	AATGATACGGCGACCACCGAGATCTACACGCT	ATAGTTAGGGCT	TATGGTAATT	GT	GTGYCAGCMGCCGCGGTAA	AATGATACGGCGACCACCGAGATCTACACGCTATAGTTAGGGCTTATGGTAATTGTGTGYCAGCMGCCGCGGTAA
Plate 4	C5	35 T	4	C5	515rcbc316	AATGATACGGCGACCACCGAGATCTACACGCT	GAATCTGACAAC	TATGGTAATT	GT	GTGYCAGCMGCCGCGGTAA	AATGATACGGCGACCACCGAGATCTACACGCTGAATCTGACAACTATGGTAATTGTGTGYCAGCMGCCGCGGTAA
Plate 4	D5	36 T	4	D5	515rcbc328	AATGATACGGCGACCACCGAGATCTACACGCT	CTCATCATGTTC	TATGGTAATT	GT	GTGYCAGCMGCCGCGGTAA	AATGATACGGCGACCACCGAGATCTACACGCTCTCATCATGTTCTATGGTAATTGTGTGYCAGCMGCCGCGGTAA
Plate 4	E5	37 T	4	E5	515rcbc340	AATGATACGGCGACCACCGAGATCTACACGCT	TTATCCAGTCCT	TATGGTAATT	GT	GTGYCAGCMGCCGCGGTAA	AATGATACGGCGACCACCGAGATCTACACGCTTTATCCAGTCCTTATGGTAATTGTGTGYCAGCMGCCGCGGTAA
Plate 4	F5	38 T	4	F5	515rcbc352	AATGATACGGCGACCACCGAGATCTACACGCT	GAGTCTTGGTAA	TATGGTAATT	GT	GTGYCAGCMGCCGCGGTAA	AATGATACGGCGACCACCGAGATCTACACGCTGAGTCTTGGTAATATGGTAATTGTGTGYCAGCMGCCGCGGTAA
Plate 4	G5	39 T	4	G5	515rcbc364	AATGATACGGCGACCACCGAGATCTACACGCT	CATTTACATCAC	TATGGTAATT	GT	GTGYCAGCMGCCGCGGTAA	AATGATACGGCGACCACCGAGATCTACACGCTCATTTACATCACTATGGTAATTGTGTGYCAGCMGCCGCGGTAA
Plate 4	H5	40 T	4	H5	515rcbc376	AATGATACGGCGACCACCGAGATCTACACGCT	TTCTTAACGCCT	TATGGTAATT	GT	GTGYCAGCMGCCGCGGTAA	AATGATACGGCGACCACCGAGATCTACACGCTTTCTTAACGCCTTATGGTAATTGTGTGYCAGCMGCCGCGGTAA
Plate 4	A6	41 T	4	A6	515rcbc293	AATGATACGGCGACCACCGAGATCTACACGCT	AGTAGTTTCCTT	TATGGTAATT	GT	GTGYCAGCMGCCGCGGTAA	AATGATACGGCGACCACCGAGATCTACACGCTAGTAGTTTCCTTTATGGTAATTGTGTGYCAGCMGCCGCGGTAA
Plate 4	B6	42 T	4	B6	515rcbc305	AATGATACGGCGACCACCGAGATCTACACGCT	GACCCGTTTCGC	TATGGTAATT	GT	GTGYCAGCMGCCGCGGTAA	AATGATACGGCGACCACCGAGATCTACACGCTGACCCGTTTCGCTATGGTAATTGTGTGYCAGCMGCCGCGGTAA
Plate 4	C6	43 T	4	C6	515rcbc317	AATGATACGGCGACCACCGAGATCTACACGCT	ATTGCCTTGATT	TATGGTAATT	GT	GTGYCAGCMGCCGCGGTAA	AATGATACGGCGACCACCGAGATCTACACGCTATTGCCTTGATTTATGGTAATTGTGTGYCAGCMGCCGCGGTAA
Plate 4	D6	44 T	4	D6	515rcbc329	AATGATACGGCGACCACCGAGATCTACACGCT	TTAGGATTCTAT	TATGGTAATT	GT	GTGYCAGCMGCCGCGGTAA	AATGATACGGCGACCACCGAGATCTACACGCTTTAGGATTCTATTATGGTAATTGTGTGYCAGCMGCCGCGGTAA
Plate 4	E6	45 T	4	E6	515rcbc341	AATGATACGGCGACCACCGAGATCTACACGCT	GTTTATCTTAAG	TATGGTAATT	GT	GTGYCAGCMGCCGCGGTAA	AATGATACGGCGACCACCGAGATCTACACGCTGTTTATCTTAAGTATGGTAATTGTGTGYCAGCMGCCGCGGTAA
Plate 4	F6	46 T	4	F6	515rcbc353	AATGATACGGCGACCACCGAGATCTACACGCT	CAGTCTAGTACG	TATGGTAATT	GT	GTGYCAGCMGCCGCGGTAA	AATGATACGGCGACCACCGAGATCTACACGCTCAGTCTAGTACGTATGGTAATTGTGTGYCAGCMGCCGCGGTAA
Plate 4	G6	47 T	4	G6	515rcbc365	AATGATACGGCGACCACCGAGATCTACACGCT	GTGGGACTGCGC	TATGGTAATT	GT	GTGYCAGCMGCCGCGGTAA	AATGATACGGCGACCACCGAGATCTACACGCTGTGGGACTGCGCTATGGTAATTGTGTGYCAGCMGCCGCGGTAA
Plate 4	H6	48 T	4	H6	515rcbc377	AATGATACGGCGACCACCGAGATCTACACGCT	CTCCCGAGCTCC	TATGGTAATT	GT	GTGYCAGCMGCCGCGGTAA	AATGATACGGCGACCACCGAGATCTACACGCTCTCCCGAGCTCCTATGGTAATTGTGTGYCAGCMGCCGCGGTAA
Plate 4	A7	49 T	4	A7	515rcbc294	AATGATACGGCGACCACCGAGATCTACACGCT	CAGATCCCAACC	TATGGTAATT	GT	GTGYCAGCMGCCGCGGTAA	AATGATACGGCGACCACCGAGATCTACACGCTCAGATCCCAACCTATGGTAATTGTGTGYCAGCMGCCGCGGTAA
Plate 4	B7	50 T	4	B7	515rcbc306	AATGATACGGCGACCACCGAGATCTACACGCT	TGACTGCGTTAG	TATGGTAATT	GT	GTGYCAGCMGCCGCGGTAA	AATGATACGGCGACCACCGAGATCTACACGCTTGACTGCGTTAGTATGGTAATTGTGTGYCAGCMGCCGCGGTAA
Plate 4	C7	51 T	4	C7	515rcbc318	AATGATACGGCGACCACCGAGATCTACACGCT	GAGCCCAAAGAG	TATGGTAATT	GT	GTGYCAGCMGCCGCGGTAA	AATGATACGGCGACCACCGAGATCTACACGCTGAGCCCAAAGAGTATGGTAATTGTGTGYCAGCMGCCGCGGTAA
Plate 4	D7	52 T	4	D7	515rcbc330	AATGATACGGCGACCACCGAGATCTACACGCT	CAACGAACCATC	TATGGTAATT	GT	GTGYCAGCMGCCGCGGTAA	AATGATACGGCGACCACCGAGATCTACACGCTCAACGAACCATCTATGGTAATTGTGTGYCAGCMGCCGCGGTAA
Plate 4	E7	53 T	4	E7	515rcbc342	AATGATACGGCGACCACCGAGATCTACACGCT	GTTCGCCGCATC	TATGGTAATT	GT	GTGYCAGCMGCCGCGGTAA	AATGATACGGCGACCACCGAGATCTACACGCTGTTCGCCGCATCTATGGTAATTGTGTGYCAGCMGCCGCGGTAA
Plate 4	F7	54 T	4	F7	515rcbc354	AATGATACGGCGACCACCGAGATCTACACGCT	GTTCGAGTGAAT	TATGGTAATT	GT	GTGYCAGCMGCCGCGGTAA	AATGATACGGCGACCACCGAGATCTACACGCTGTTCGAGTGAATTATGGTAATTGTGTGYCAGCMGCCGCGGTAA
Plate 4	G7	55 T	4	G7	515rcbc366	AATGATACGGCGACCACCGAGATCTACACGCT	CGGCCTAAGTTC	TATGGTAATT	GT	GTGYCAGCMGCCGCGGTAA	AATGATACGGCGACCACCGAGATCTACACGCTCGGCCTAAGTTCTATGGTAATTGTGTGYCAGCMGCCGCGGTAA
Plate 4	H7	56 T	4	H7	515rcbc378	AATGATACGGCGACCACCGAGATCTACACGCT	TAGACTTCAGAG	TATGGTAATT	GT	GTGYCAGCMGCCGCGGTAA	AATGATACGGCGACCACCGAGATCTACACGCTTAGACTTCAGAGTATGGTAATTGTGTGYCAGCMGCCGCGGTAA
Plate 4	A8	57 T	4	A8	515rcbc295	AATGATACGGCGACCACCGAGATCTACACGCT	GATAGCACTCGT	TATGGTAATT	GT	GTGYCAGCMGCCGCGGTAA	AATGATACGGCGACCACCGAGATCTACACGCTGATAGCACTCGTTATGGTAATTGTGTGYCAGCMGCCGCGGTAA
Plate 4	B8	58 T	4	B8	515rcbc307	AATGATACGGCGACCACCGAGATCTACACGCT	ACGTTAATATTC	TATGGTAATT	GT	GTGYCAGCMGCCGCGGTAA	AATGATACGGCGACCACCGAGATCTACACGCTACGTTAATATTCTATGGTAATTGTGTGYCAGCMGCCGCGGTAA
Plate 4	C8	59 T	4	C8	515rcbc319	AATGATACGGCGACCACCGAGATCTACACGCT	CCATGTGGCTCC	TATGGTAATT	GT	GTGYCAGCMGCCGCGGTAA	AATGATACGGCGACCACCGAGATCTACACGCTCCATGTGGCTCCTATGGTAATTGTGTGYCAGCMGCCGCGGTAA
Plate 4	D8	60 T	4	D8	515rcbc331	AATGATACGGCGACCACCGAGATCTACACGCT	ACACGTTTGGGT	TATGGTAATT	GT	GTGYCAGCMGCCGCGGTAA	AATGATACGGCGACCACCGAGATCTACACGCTACACGTTTGGGTTATGGTAATTGTGTGYCAGCMGCCGCGGTAA
Plate 4	E8	61 T	4	E8	515rcbc343	AATGATACGGCGACCACCGAGATCTACACGCT	AGACTATTTCAT	TATGGTAATT	GT	GTGYCAGCMGCCGCGGTAA	AATGATACGGCGACCACCGAGATCTACACGCTAGACTATTTCATTATGGTAATTGTGTGYCAGCMGCCGCGGTAA
Plate 4	F8	62 T	4	F8	515rcbc355	AATGATACGGCGACCACCGAGATCTACACGCT	AGTCCGAGTTGT	TATGGTAATT	GT	GTGYCAGCMGCCGCGGTAA	AATGATACGGCGACCACCGAGATCTACACGCTAGTCCGAGTTGTTATGGTAATTGTGTGYCAGCMGCCGCGGTAA
Plate 4	G8	63 T	4	G8	515rcbc367	AATGATACGGCGACCACCGAGATCTACACGCT	GCTGAGCCTTTG	TATGGTAATT	GT	GTGYCAGCMGCCGCGGTAA	AATGATACGGCGACCACCGAGATCTACACGCTGCTGAGCCTTTGTATGGTAATTGTGTGYCAGCMGCCGCGGTAA
Plate 4	H8	64 T	4	H8	515rcbc379	AATGATACGGCGACCACCGAGATCTACACGCT	ACTTAGACTCTT	TATGGTAATT	GT	GTGYCAGCMGCCGCGGTAA	AATGATACGGCGACCACCGAGATCTACACGCTACTTAGACTCTTTATGGTAATTGTGTGYCAGCMGCCGCGGTAA
Plate 4	A9	65 T	4	A9	515rcbc296	AATGATACGGCGACCACCGAGATCTACACGCT	GTAATTGTAATT	TATGGTAATT	GT	GTGYCAGCMGCCGCGGTAA	AATGATACGGCGACCACCGAGATCTACACGCTGTAATTGTAATTTATGGTAATTGTGTGYCAGCMGCCGCGGTAA
Plate 4	B9	66 T	4	B9	515rcbc308	AATGATACGGCGACCACCGAGATCTACACGCT	TCTAACGAGTGC	TATGGTAATT	GT	GTGYCAGCMGCCGCGGTAA	AATGATACGGCGACCACCGAGATCTACACGCTTCTAACGAGTGCTATGGTAATTGTGTGYCAGCMGCCGCGGTAA
Plate 4	C9	67 T	4	C9	515rcbc320	AATGATACGGCGACCACCGAGATCTACACGCT	CGTTCCTTGTTA	TATGGTAATT	GT	GTGYCAGCMGCCGCGGTAA	AATGATACGGCGACCACCGAGATCTACACGCTCGTTCCTTGTTATATGGTAATTGTGTGYCAGCMGCCGCGGTAA
Plate 4	D9	68 T	4	D9	515rcbc332	AATGATACGGCGACCACCGAGATCTACACGCT	CGTCGCAGCCTT	TATGGTAATT	GT	GTGYCAGCMGCCGCGGTAA	AATGATACGGCGACCACCGAGATCTACACGCTCGTCGCAGCCTTTATGGTAATTGTGTGYCAGCMGCCGCGGTAA
Plate 4	E9	69 T	4	E9	515rcbc344	AATGATACGGCGACCACCGAGATCTACACGCT	AGCGATTCCTCG	TATGGTAATT	GT	GTGYCAGCMGCCGCGGTAA	AATGATACGGCGACCACCGAGATCTACACGCTAGCGATTCCTCGTATGGTAATTGTGTGYCAGCMGCCGCGGTAA
Plate 4	F9	70 T	4	F9	515rcbc356	AATGATACGGCGACCACCGAGATCTACACGCT	CGTGAGGACCAG	TATGGTAATT	GT	GTGYCAGCMGCCGCGGTAA	AATGATACGGCGACCACCGAGATCTACACGCTCGTGAGGACCAGTATGGTAATTGTGTGYCAGCMGCCGCGGTAA
Plate 4	G9	71 T	4	G9	515rcbc368	AATGATACGGCGACCACCGAGATCTACACGCT	AGAGACGCGTAG	TATGGTAATT	GT	GTGYCAGCMGCCGCGGTAA	AATGATACGGCGACCACCGAGATCTACACGCTAGAGACGCGTAGTATGGTAATTGTGTGYCAGCMGCCGCGGTAA
Plate 4	H9	72 T	4	H9	515rcbc380	AATGATACGGCGACCACCGAGATCTACACGCT	GGACCTGGATGG	TATGGTAATT	GT	GTGYCAGCMGCCGCGGTAA	AATGATACGGCGACCACCGAGATCTACACGCTGGACCTGGATGGTATGGTAATTGTGTGYCAGCMGCCGCGGTAA
Plate 4	A10	73 T	4	A10	515rcbc297	AATGATACGGCGACCACCGAGATCTACACGCT	TGCTACAGACGT	TATGGTAATT	GT	GTGYCAGCMGCCGCGGTAA	AATGATACGGCGACCACCGAGATCTACACGCTTGCTACAGACGTTATGGTAATTGTGTGYCAGCMGCCGCGGTAA
Plate 4	B10	74 T	4	B10	515rcbc309	AATGATACGGCGACCACCGAGATCTACACGCT	GATCCCACGTAC	TATGGTAATT	GT	GTGYCAGCMGCCGCGGTAA	AATGATACGGCGACCACCGAGATCTACACGCTGATCCCACGTACTATGGTAATTGTGTGYCAGCMGCCGCGGTAA
Plate 4	C10	75 T	4	C10	515rcbc321	AATGATACGGCGACCACCGAGATCTACACGCT	CGCTAGGATGTT	TATGGTAATT	GT	GTGYCAGCMGCCGCGGTAA	AATGATACGGCGACCACCGAGATCTACACGCTCGCTAGGATGTTTATGGTAATTGTGTGYCAGCMGCCGCGGTAA
Plate 4	D10	76 T	4	D10	515rcbc333	AATGATACGGCGACCACCGAGATCTACACGCT	CTACTTACATCC	TATGGTAATT	GT	GTGYCAGCMGCCGCGGTAA	AATGATACGGCGACCACCGAGATCTACACGCTCTACTTACATCCTATGGTAATTGTGTGYCAGCMGCCGCGGTAA
Plate 4	E10	77 T	4	E10	515rcbc345	AATGATACGGCGACCACCGAGATCTACACGCT	ACCACCGTAACC	TATGGTAATT	GT	GTGYCAGCMGCCGCGGTAA	AATGATACGGCGACCACCGAGATCTACACGCTACCACCGTAACCTATGGTAATTGTGTGYCAGCMGCCGCGGTAA
Plate 4	F10	78 T	4	F10	515rcbc357	AATGATACGGCGACCACCGAGATCTACACGCT	CGGTTGGCGGGT	TATGGTAATT	GT	GTGYCAGCMGCCGCGGTAA	AATGATACGGCGACCACCGAGATCTACACGCTCGGTTGGCGGGTTATGGTAATTGTGTGYCAGCMGCCGCGGTAA
Plate 4	G10	79 T	4	G10	515rcbc369	AATGATACGGCGACCACCGAGATCTACACGCT	CCACCGGGCCGA	TATGGTAATT	GT	GTGYCAGCMGCCGCGGTAA	AATGATACGGCGACCACCGAGATCTACACGCTCCACCGGGCCGATATGGTAATTGTGTGYCAGCMGCCGCGGTAA
Plate 4	H10	80 T	4	H10	515rcbc381	AATGATACGGCGACCACCGAGATCTACACGCT	TATGTGCCGGCT	TATGGTAATT	GT	GTGYCAGCMGCCGCGGTAA	AATGATACGGCGACCACCGAGATCTACACGCTTATGTGCCGGCTTATGGTAATTGTGTGYCAGCMGCCGCGGTAA
Plate 4	A11	81 T	4	A11	515rcbc298	AATGATACGGCGACCACCGAGATCTACACGCT	AGGTGAGTTCTA	TATGGTAATT	GT	GTGYCAGCMGCCGCGGTAA	AATGATACGGCGACCACCGAGATCTACACGCTAGGTGAGTTCTATATGGTAATTGTGTGYCAGCMGCCGCGGTAA
Plate 4	B11	82 T	4	B11	515rcbc310	AATGATACGGCGACCACCGAGATCTACACGCT	CCGCCAGCTTTG	TATGGTAATT	GT	GTGYCAGCMGCCGCGGTAA	AATGATACGGCGACCACCGAGATCTACACGCTCCGCCAGCTTTGTATGGTAATTGTGTGYCAGCMGCCGCGGTAA
Plate 4	C11	83 T	4	C11	515rcbc322	AATGATACGGCGACCACCGAGATCTACACGCT	AGCGGTAGCGGT	TATGGTAATT	GT	GTGYCAGCMGCCGCGGTAA	AATGATACGGCGACCACCGAGATCTACACGCTAGCGGTAGCGGTTATGGTAATTGTGTGYCAGCMGCCGCGGTAA
Plate 4	D11	84 T	4	D11	515rcbc334	AATGATACGGCGACCACCGAGATCTACACGCT	CGCACGTACCTC	TATGGTAATT	GT	GTGYCAGCMGCCGCGGTAA	AATGATACGGCGACCACCGAGATCTACACGCTCGCACGTACCTCTATGGTAATTGTGTGYCAGCMGCCGCGGTAA
Plate 4	E11	85 T	4	E11	515rcbc346	AATGATACGGCGACCACCGAGATCTACACGCT	AGGAAGTAACTT	TATGGTAATT	GT	GTGYCAGCMGCCGCGGTAA	AATGATACGGCGACCACCGAGATCTACACGCTAGGAAGTAACTTTATGGTAATTGTGTGYCAGCMGCCGCGGTAA
Plate 4	F11	86 T	4	F11	515rcbc358	AATGATACGGCGACCACCGAGATCTACACGCT	CGATTCCTTAAT	TATGGTAATT	GT	GTGYCAGCMGCCGCGGTAA	AATGATACGGCGACCACCGAGATCTACACGCTCGATTCCTTAATTATGGTAATTGTGTGYCAGCMGCCGCGGTAA
Plate 4	G11	87 T	4	G11	515rcbc370	AATGATACGGCGACCACCGAGATCTACACGCT	AATCCGGTCACC	TATGGTAATT	GT	GTGYCAGCMGCCGCGGTAA	AATGATACGGCGACCACCGAGATCTACACGCTAATCCGGTCACCTATGGTAATTGTGTGYCAGCMGCCGCGGTAA
Plate 4	H11	88 T	4	H11	515rcbc382	AATGATACGGCGACCACCGAGATCTACACGCT	ATACCGTCTTTC	TATGGTAATT	GT	GTGYCAGCMGCCGCGGTAA	AATGATACGGCGACCACCGAGATCTACACGCTATACCGTCTTTCTATGGTAATTGTGTGYCAGCMGCCGCGGTAA
Plate 4	A12	89 T	4	A12	515rcbc299	AATGATACGGCGACCACCGAGATCTACACGCT	AACGATCATAGA	TATGGTAATT	GT	GTGYCAGCMGCCGCGGTAA	AATGATACGGCGACCACCGAGATCTACACGCTAACGATCATAGATATGGTAATTGTGTGYCAGCMGCCGCGGTAA
Plate 4	B12	90 T	4	B12	515rcbc311	AATGATACGGCGACCACCGAGATCTACACGCT	TCATCTTGATTG	TATGGTAATT	GT	GTGYCAGCMGCCGCGGTAA	AATGATACGGCGACCACCGAGATCTACACGCTTCATCTTGATTGTATGGTAATTGTGTGYCAGCMGCCGCGGTAA
Plate 4	C12	91 T	4	C12	515rcbc323	AATGATACGGCGACCACCGAGATCTACACGCT	GTCAGTATGGCT	TATGGTAATT	GT	GTGYCAGCMGCCGCGGTAA	AATGATACGGCGACCACCGAGATCTACACGCTGTCAGTATGGCTTATGGTAATTGTGTGYCAGCMGCCGCGGTAA
Plate 4	D12	92 T	4	D12	515rcbc335	AATGATACGGCGACCACCGAGATCTACACGCT	GTCCTCGCGACT	TATGGTAATT	GT	GTGYCAGCMGCCGCGGTAA	AATGATACGGCGACCACCGAGATCTACACGCTGTCCTCGCGACTTATGGTAATTGTGTGYCAGCMGCCGCGGTAA
Plate 4	E12	58-MSCAII	4	E12	515rcbc347	AATGATACGGCGACCACCGAGATCTACACGCT	CGTTCGCTAGCC	TATGGTAATT	GT	GTGYCAGCMGCCGCGGTAA	AATGATACGGCGACCACCGAGATCTACACGCTCGTTCGCTAGCCTATGGTAATTGTGTGYCAGCMGCCGCGGTAA
Plate 4	F12	MGAL Extraction neg control (7/19/22)	4	F12	515rcbc359	AATGATACGGCGACCACCGAGATCTACACGCT	TGCCTGCTCGAC	TATGGTAATT	GT	GTGYCAGCMGCCGCGGTAA	AATGATACGGCGACCACCGAGATCTACACGCTTGCCTGCTCGACTATGGTAATTGTGTGYCAGCMGCCGCGGTAA
Plate 4	G12	NTC1_Plate4_PCR1	4	G12	515rcbc371	AATGATACGGCGACCACCGAGATCTACACGCT	TCTTACCCATAA	TATGGTAATT	GT	GTGYCAGCMGCCGCGGTAA	AATGATACGGCGACCACCGAGATCTACACGCTTCTTACCCATAATATGGTAATTGTGTGYCAGCMGCCGCGGTAA
Plate 4	H12	PTC1_Plate4_PCR1	4	H12	515rcbc383	AATGATACGGCGACCACCGAGATCTACACGCT	TGTGCTTGTAGG	TATGGTAATT	GT	GTGYCAGCMGCCGCGGTAA	AATGATACGGCGACCACCGAGATCTACACGCTTGTGCTTGTAGGTATGGTAATTGTGTGYCAGCMGCCGCGGTAA
Plate 5	A1	93c	5	A1	515rcbc384	AATGATACGGCGACCACCGAGATCTACACGCT	ATGTTAGGGAAT	TATGGTAATT	GT	GTGYCAGCMGCCGCGGTAA	AATGATACGGCGACCACCGAGATCTACACGCTATGTTAGGGAATTATGGTAATTGTGTGYCAGCMGCCGCGGTAA
Plate 5	B1	94c	5	B1	515rcbc396	AATGATACGGCGACCACCGAGATCTACACGCT	AAGTGGCTATCC	TATGGTAATT	GT	GTGYCAGCMGCCGCGGTAA	AATGATACGGCGACCACCGAGATCTACACGCTAAGTGGCTATCCTATGGTAATTGTGTGYCAGCMGCCGCGGTAA
Plate 5	C1	95c	5	C1	515rcbc408	AATGATACGGCGACCACCGAGATCTACACGCT	GTCGTTACCCGC	TATGGTAATT	GT	GTGYCAGCMGCCGCGGTAA	AATGATACGGCGACCACCGAGATCTACACGCTGTCGTTACCCGCTATGGTAATTGTGTGYCAGCMGCCGCGGTAA
Plate 5	D1	55-MSCAII	5	D1	515rcbc420	AATGATACGGCGACCACCGAGATCTACACGCT	AGTATATGTTTC	TATGGTAATT	GT	GTGYCAGCMGCCGCGGTAA	AATGATACGGCGACCACCGAGATCTACACGCTAGTATATGTTTCTATGGTAATTGTGTGYCAGCMGCCGCGGTAA
Plate 5	E1	56-MSCAII	5	E1	515rcbc432	AATGATACGGCGACCACCGAGATCTACACGCT	GGCTCGTCGGAG	TATGGTAATT	GT	GTGYCAGCMGCCGCGGTAA	AATGATACGGCGACCACCGAGATCTACACGCTGGCTCGTCGGAGTATGGTAATTGTGTGYCAGCMGCCGCGGTAA
Plate 5	F1	57-MSCAII	5	F1	515rcbc444	AATGATACGGCGACCACCGAGATCTACACGCT	GACATCTGACAC	TATGGTAATT	GT	GTGYCAGCMGCCGCGGTAA	AATGATACGGCGACCACCGAGATCTACACGCTGACATCTGACACTATGGTAATTGTGTGYCAGCMGCCGCGGTAA
Plate 5	G1	99-AM21	5	G1	515rcbc456	AATGATACGGCGACCACCGAGATCTACACGCT	AATTTCCTAACA	TATGGTAATT	GT	GTGYCAGCMGCCGCGGTAA	AATGATACGGCGACCACCGAGATCTACACGCTAATTTCCTAACATATGGTAATTGTGTGYCAGCMGCCGCGGTAA
Plate 5	H1	100-AM21	5	H1	515rcbc468	AATGATACGGCGACCACCGAGATCTACACGCT	ATAAACGGACAT	TATGGTAATT	GT	GTGYCAGCMGCCGCGGTAA	AATGATACGGCGACCACCGAGATCTACACGCTATAAACGGACATTATGGTAATTGTGTGYCAGCMGCCGCGGTAA
Plate 5	A2	64c-repeat	5	A2	515rcbc385	AATGATACGGCGACCACCGAGATCTACACGCT	GCTAGTTATGGA	TATGGTAATT	GT	GTGYCAGCMGCCGCGGTAA	AATGATACGGCGACCACCGAGATCTACACGCTGCTAGTTATGGATATGGTAATTGTGTGYCAGCMGCCGCGGTAA
Plate 5	B2	73c-repeat	5	B2	515rcbc397	AATGATACGGCGACCACCGAGATCTACACGCT	ACTAGTTGGACC	TATGGTAATT	GT	GTGYCAGCMGCCGCGGTAA	AATGATACGGCGACCACCGAGATCTACACGCTACTAGTTGGACCTATGGTAATTGTGTGYCAGCMGCCGCGGTAA
Plate 5	C2	11-MSCAII-repeat	5	C2	515rcbc409	AATGATACGGCGACCACCGAGATCTACACGCT	CGCAAGCCCGCG	TATGGTAATT	GT	GTGYCAGCMGCCGCGGTAA	AATGATACGGCGACCACCGAGATCTACACGCTCGCAAGCCCGCGTATGGTAATTGTGTGYCAGCMGCCGCGGTAA
Plate 5	D2	12-MSCAII-repeat	5	D2	515rcbc421	AATGATACGGCGACCACCGAGATCTACACGCT	AGAGCGGAACAA	TATGGTAATT	GT	GTGYCAGCMGCCGCGGTAA	AATGATACGGCGACCACCGAGATCTACACGCTAGAGCGGAACAATATGGTAATTGTGTGYCAGCMGCCGCGGTAA
Plate 5	E2	13-MSCAII-repeat	5	E2	515rcbc433	AATGATACGGCGACCACCGAGATCTACACGCT	ACATGGGCGGAA	TATGGTAATT	GT	GTGYCAGCMGCCGCGGTAA	AATGATACGGCGACCACCGAGATCTACACGCTACATGGGCGGAATATGGTAATTGTGTGYCAGCMGCCGCGGTAA
Plate 5	F2	14-MSCAII-repeat	5	F2	515rcbc445	AATGATACGGCGACCACCGAGATCTACACGCT	CTGCGGATATAC	TATGGTAATT	GT	GTGYCAGCMGCCGCGGTAA	AATGATACGGCGACCACCGAGATCTACACGCTCTGCGGATATACTATGGTAATTGTGTGYCAGCMGCCGCGGTAA
Plate 5	G2	15-MSCAII-repeat	5	G2	515rcbc457	AATGATACGGCGACCACCGAGATCTACACGCT	GTGAGGGCAAGT	TATGGTAATT	GT	GTGYCAGCMGCCGCGGTAA	AATGATACGGCGACCACCGAGATCTACACGCTGTGAGGGCAAGTTATGGTAATTGTGTGYCAGCMGCCGCGGTAA
Plate 5	H2	16-MSCAII-repeat	5	H2	515rcbc469	AATGATACGGCGACCACCGAGATCTACACGCT	ATATTGGCAGCC	TATGGTAATT	GT	GTGYCAGCMGCCGCGGTAA	AATGATACGGCGACCACCGAGATCTACACGCTATATTGGCAGCCTATGGTAATTGTGTGYCAGCMGCCGCGGTAA
Plate 5	A3	64c-repeat (1:10 dilution)	5	A3	515rcbc386	AATGATACGGCGACCACCGAGATCTACACGCT	TCATCCGTCGGC	TATGGTAATT	GT	GTGYCAGCMGCCGCGGTAA	AATGATACGGCGACCACCGAGATCTACACGCTTCATCCGTCGGCTATGGTAATTGTGTGYCAGCMGCCGCGGTAA
Plate 5	B3	73c-repeat (1:10 dilution)	5	B3	515rcbc398	AATGATACGGCGACCACCGAGATCTACACGCT	GGCTTCGGAGCG	TATGGTAATT	GT	GTGYCAGCMGCCGCGGTAA	AATGATACGGCGACCACCGAGATCTACACGCTGGCTTCGGAGCGTATGGTAATTGTGTGYCAGCMGCCGCGGTAA
Plate 5	C3	11-MSCAII-repeat (1:10 dilution)	5	C3	515rcbc410	AATGATACGGCGACCACCGAGATCTACACGCT	CGGTCAATTGAC	TATGGTAATT	GT	GTGYCAGCMGCCGCGGTAA	AATGATACGGCGACCACCGAGATCTACACGCTCGGTCAATTGACTATGGTAATTGTGTGYCAGCMGCCGCGGTAA
Plate 5	D3	12-MSCAII-repeat (1:10 dilution)	5	D3	515rcbc422	AATGATACGGCGACCACCGAGATCTACACGCT	TCCGCTGCTGAC	TATGGTAATT	GT	GTGYCAGCMGCCGCGGTAA	AATGATACGGCGACCACCGAGATCTACACGCTTCCGCTGCTGACTATGGTAATTGTGTGYCAGCMGCCGCGGTAA
Plate 5	E3	13-MSCAII-repeat (1:10 dilution)	5	E3	515rcbc434	AATGATACGGCGACCACCGAGATCTACACGCT	TGCGCGCCTTCC	TATGGTAATT	GT	GTGYCAGCMGCCGCGGTAA	AATGATACGGCGACCACCGAGATCTACACGCTTGCGCGCCTTCCTATGGTAATTGTGTGYCAGCMGCCGCGGTAA
Plate 5	F3	14-MSCAII-repeat (1:10 dilution)	5	F3	515rcbc446	AATGATACGGCGACCACCGAGATCTACACGCT	GCGCACACCTTC	TATGGTAATT	GT	GTGYCAGCMGCCGCGGTAA	AATGATACGGCGACCACCGAGATCTACACGCTGCGCACACCTTCTATGGTAATTGTGTGYCAGCMGCCGCGGTAA
Plate 5	G3	15-MSCAII-repeat (1:10 dilution)	5	G3	515rcbc458	AATGATACGGCGACCACCGAGATCTACACGCT	CACGAAAGCAGG	TATGGTAATT	GT	GTGYCAGCMGCCGCGGTAA	AATGATACGGCGACCACCGAGATCTACACGCTCACGAAAGCAGGTATGGTAATTGTGTGYCAGCMGCCGCGGTAA
Plate 5	H3	16-MSCAII-repeat (1:10 dilution)	5	H3	515rcbc470	AATGATACGGCGACCACCGAGATCTACACGCT	CGTGGCTTTCCG	TATGGTAATT	GT	GTGYCAGCMGCCGCGGTAA	AATGATACGGCGACCACCGAGATCTACACGCTCGTGGCTTTCCGTATGGTAATTGTGTGYCAGCMGCCGCGGTAA
Plate 5	A4	Ext. contrl C1	5	A4	515rcbc387	AATGATACGGCGACCACCGAGATCTACACGCT	ATTTGGCTCTTA	TATGGTAATT	GT	GTGYCAGCMGCCGCGGTAA	AATGATACGGCGACCACCGAGATCTACACGCTATTTGGCTCTTATATGGTAATTGTGTGYCAGCMGCCGCGGTAA
Plate 5	B4	Ext. contrl B4	5	B4	515rcbc399	AATGATACGGCGACCACCGAGATCTACACGCT	CGCGTCAAACTA	TATGGTAATT	GT	GTGYCAGCMGCCGCGGTAA	AATGATACGGCGACCACCGAGATCTACACGCTCGCGTCAAACTATATGGTAATTGTGTGYCAGCMGCCGCGGTAA
Plate 5	C4	Ext. contrl A5	5	C4	515rcbc411	AATGATACGGCGACCACCGAGATCTACACGCT	ATGTTCCTCATC	TATGGTAATT	GT	GTGYCAGCMGCCGCGGTAA	AATGATACGGCGACCACCGAGATCTACACGCTATGTTCCTCATCTATGGTAATTGTGTGYCAGCMGCCGCGGTAA
Plate 5	D4	Ext. contrl B7	5	D4	515rcbc423	AATGATACGGCGACCACCGAGATCTACACGCT	TCCGTGGTATAG	TATGGTAATT	GT	GTGYCAGCMGCCGCGGTAA	AATGATACGGCGACCACCGAGATCTACACGCTTCCGTGGTATAGTATGGTAATTGTGTGYCAGCMGCCGCGGTAA
Plate 5	E4	Ext. contrl A10	5	E4	515rcbc435	AATGATACGGCGACCACCGAGATCTACACGCT	GTTGGTTGGCAT	TATGGTAATT	GT	GTGYCAGCMGCCGCGGTAA	AATGATACGGCGACCACCGAGATCTACACGCTGTTGGTTGGCATTATGGTAATTGTGTGYCAGCMGCCGCGGTAA
Plate 5	F4	Ext. contrl C10	5	F4	515rcbc447	AATGATACGGCGACCACCGAGATCTACACGCT	AACGGGCGACGT	TATGGTAATT	GT	GTGYCAGCMGCCGCGGTAA	AATGATACGGCGACCACCGAGATCTACACGCTAACGGGCGACGTTATGGTAATTGTGTGYCAGCMGCCGCGGTAA
Plate 5	G4	Ext. contrl E10	5	G4	515rcbc459	AATGATACGGCGACCACCGAGATCTACACGCT	TACTGAGCCTCG	TATGGTAATT	GT	GTGYCAGCMGCCGCGGTAA	AATGATACGGCGACCACCGAGATCTACACGCTTACTGAGCCTCGTATGGTAATTGTGTGYCAGCMGCCGCGGTAA
Plate 5	H4	Ext. contrl G10	5	H4	515rcbc471	AATGATACGGCGACCACCGAGATCTACACGCT	GGTGCAGACAGA	TATGGTAATT	GT	GTGYCAGCMGCCGCGGTAA	AATGATACGGCGACCACCGAGATCTACACGCTGGTGCAGACAGATATGGTAATTGTGTGYCAGCMGCCGCGGTAA
Plate 5	A5	Ext. contrl A12	5	A5	515rcbc388	AATGATACGGCGACCACCGAGATCTACACGCT	GATCCGGCAGGA	TATGGTAATT	GT	GTGYCAGCMGCCGCGGTAA	AATGATACGGCGACCACCGAGATCTACACGCTGATCCGGCAGGATATGGTAATTGTGTGYCAGCMGCCGCGGTAA
Plate 5	B5	Ext. contrl C12	5	B5	515rcbc400	AATGATACGGCGACCACCGAGATCTACACGCT	CTTCCAACTCAT	TATGGTAATT	GT	GTGYCAGCMGCCGCGGTAA	AATGATACGGCGACCACCGAGATCTACACGCTCTTCCAACTCATTATGGTAATTGTGTGYCAGCMGCCGCGGTAA
Plate 5	C5	Ext. contrl E12	5	C5	515rcbc412	AATGATACGGCGACCACCGAGATCTACACGCT	CGACCTCGCATA	TATGGTAATT	GT	GTGYCAGCMGCCGCGGTAA	AATGATACGGCGACCACCGAGATCTACACGCTCGACCTCGCATATATGGTAATTGTGTGYCAGCMGCCGCGGTAA
Plate 5	D5	Ext. contrl G12	5	D5	515rcbc424	AATGATACGGCGACCACCGAGATCTACACGCT	GTCAGAGTATTG	TATGGTAATT	GT	GTGYCAGCMGCCGCGGTAA	AATGATACGGCGACCACCGAGATCTACACGCTGTCAGAGTATTGTATGGTAATTGTGTGYCAGCMGCCGCGGTAA
Plate 5	E5	EB buffer	5	E5	515rcbc436	AATGATACGGCGACCACCGAGATCTACACGCT	GAACGATCATGT	TATGGTAATT	GT	GTGYCAGCMGCCGCGGTAA	AATGATACGGCGACCACCGAGATCTACACGCTGAACGATCATGTTATGGTAATTGTGTGYCAGCMGCCGCGGTAA
Plate 5	F5	NTC1_Plate5_PCR1	5	F5	515rcbc448	AATGATACGGCGACCACCGAGATCTACACGCT	CTCCACATTCCT	TATGGTAATT	GT	GTGYCAGCMGCCGCGGTAA	AATGATACGGCGACCACCGAGATCTACACGCTCTCCACATTCCTTATGGTAATTGTGTGYCAGCMGCCGCGGTAA
Plate 5	G5	NTC2_Plate5_PCR1	5	G5	515rcbc460	AATGATACGGCGACCACCGAGATCTACACGCT	TCTTCGCAGCAG	TATGGTAATT	GT	GTGYCAGCMGCCGCGGTAA	AATGATACGGCGACCACCGAGATCTACACGCTTCTTCGCAGCAGTATGGTAATTGTGTGYCAGCMGCCGCGGTAA
Plate 5	H5	NTC3_Plate5_PCR1	5	H5	515rcbc472	AATGATACGGCGACCACCGAGATCTACACGCT	CACGCTATTGGA	TATGGTAATT	GT	GTGYCAGCMGCCGCGGTAA	AATGATACGGCGACCACCGAGATCTACACGCTCACGCTATTGGATATGGTAATTGTGTGYCAGCMGCCGCGGTAA
Plate 5	A6	PTC1_Plate5_PCR1	5	A6	515rcbc389	AATGATACGGCGACCACCGAGATCTACACGCT	GTTAAGCTGACC	TATGGTAATT	GT	GTGYCAGCMGCCGCGGTAA	AATGATACGGCGACCACCGAGATCTACACGCTGTTAAGCTGACCTATGGTAATTGTGTGYCAGCMGCCGCGGTAA
Plate 5	F12	MGAL Extraction neg control (repeated)_plate4_PCR2	5	F12	515rcbc455	AATGATACGGCGACCACCGAGATCTACACGCT	CTCCCACTAGAG	TATGGTAATT	GT	GTGYCAGCMGCCGCGGTAA	AATGATACGGCGACCACCGAGATCTACACGCTCTCCCACTAGAGTATGGTAATTGTGTGYCAGCMGCCGCGGTAA
Plate 5	G12	NTC1_Plate4_PCR2	5	G12	515rcbc467	AATGATACGGCGACCACCGAGATCTACACGCT	AATAGATGCTGA	TATGGTAATT	GT	GTGYCAGCMGCCGCGGTAA	AATGATACGGCGACCACCGAGATCTACACGCTAATAGATGCTGATATGGTAATTGTGTGYCAGCMGCCGCGGTAA
Plate 5	H12	PTC1_Plate4_PCR2	5	H12	515rcbc479	AATGATACGGCGACCACCGAGATCTACACGCT	AACGCTTCTTAT	TATGGTAATT	GT	GTGYCAGCMGCCGCGGTAA	AATGATACGGCGACCACCGAGATCTACACGCTAACGCTTCTTATTATGGTAATTGTGTGYCAGCMGCCGCGGTAA
