MooreaCode,SampleID,Experiment,Date,PPL Vol (mL),samplingLocation,sampleEnvironment,DNA Extracted ,Notes,Autosampler channel (Diel),SamplesTaken,DielCodes
eg. Mo22_0001,PC_HE1_T0,PlanC,05/28/2019,400,Aquaria,Environmental;ExudationExperiment;etc.,,,,,
Mo22_0001,DM_LT2_0329_12,DielMoroea,03/29/2022,0,LTER2,Environment,,,1,,Success
Mo22_0002,DM_LT2_0329_15,DielMoroea,03/29/2022,0,LTER2,Environment,,,2,,Fail
Mo22_0003,DM_LT2_0329_18,DielMoroea,03/29/2022,0,LTER2,Environment,,,3,,PartialSuccess
Mo22_0004,DM_LT2_0329_21,DielMoroea,03/29/2022,0,LTER2,Environment,Y,,4,,Deployed
Mo22_0005,DM_LT2_0330_00,DielMoroea,03/30/2022,400,LTER2,Environment,Y,,5,,Next-deployment
Mo22_0006,DM_LT2_0330_03,DielMoroea,03/30/2022,0,LTER2,Environment,,,6,,
Mo22_0007,DM_LT2_0330_06,DielMoroea,03/30/2022,400,LTER2,Environment,Y,,7,,
Mo22_0008,DM_LT2_0330_09,DielMoroea,03/30/2022,400,LTER2,Environment,Y,,8,,
Mo22_0009,DM_LT2_0330_12,DielMoroea,03/30/2022,400,LTER2,Environment,Y,,9,,
Mo22_0010,DM_LT2_0330_15,DielMoroea,03/30/2022,400,LTER2,Environment,Y,,10,,
Mo22_0011,DM_LT2_0330_18,DielMoroea,03/30/2022,400,LTER2,Environment,Y,,1,,
Mo22_0012,DM_LT2_0330_21,DielMoroea,03/30/2022,400,LTER2,Environment,Y,,2,,
Mo22_0013,DM_LT2_0331_00,DielMoroea,03/31/2022,400,LTER2,Environment,Y,,3,,
Mo22_0014,DM_LT2_0331_03,DielMoroea,03/31/2022,400,LTER2,Environment,Y,,4,,
Mo22_0015,DM_LT2_0331_06,DielMoroea,03/31/2022,400,LTER2,Environment,Y,,5,,
Mo22_0016,DM_LT2_0331_09,DielMoroea,03/31/2022,400,LTER2,Environment,Y,,6,,
Mo22_0017,DM_LT2_0331_12,DielMoroea,03/31/2022,400,LTER2,Environment,Y,,7,,
Mo22_0018,DM_LT2_0331_15,DielMoroea,03/31/2022,400,LTER2,Environment,Y,DOC Acidified 04/05,8,,
Mo22_0019,DM_LT2_0331_18,DielMoroea,03/31/2022,400,LTER2,Environment,Y,DOC Acidified 04/05,9,,
Mo22_0020,DM_LT2_0331_21,DielMoroea,03/31/2022,400,LTER2,Environment,Y,DOC Acidified 04/05,10,,
Mo22_0021,DM_LT2_0401_00,DielMoroea,04/01/2022,400,LTER2,Environment,Y,DOC Acidified 04/05,1,,
Mo22_0022,DM_LT2_0401_03,DielMoroea,04/01/2022,400,LTER2,Environment,Y,DOC Acidified 04/05,2,,
Mo22_0023,DM_LT2_0401_06,DielMoroea,04/01/2022,400,LTER2,Environment,Y,DOC Acidified 04/05,3,,
Mo22_0024,DM_LT2_0401_09,DielMoroea,04/01/2022,400,LTER2,Environment,Y,DOC Acidified 04/05,4,,
Mo22_0025,DM_LT2_0401_12,DielMoroea,04/01/2022,0,LTER2,Environment,,DOC Acidified 04/05,5,,
Mo22_0026,DM_LT2_0401_15,DielMoroea,04/01/2022,400,LTER2,Environment,Y,DOC Acidified 04/05,6,,
Mo22_0027,DM_LT2_0401_18,DielMoroea,04/01/2022,400,LTER2,Environment,Y,DOC Acidified 04/05,7,,
Mo22_0028,DM_LT2_0401_21,DielMoroea,04/01/2022,400,LTER2,Environment,Y,DOC Acidified 04/05,8,,
Mo22_0029,DM_LT2_0402_00,DielMoroea,04/02/2022,400,LTER2,Environment,Y,DOC Acidified 04/05,9,,
Mo22_0030,DM_LT2_0402_03,DielMoroea,04/02/2022,400,LTER2,Environment,Y,DOC Acidified 04/05,10,,
Mo22_0031,DM_LT2_0402_06,DielMoroea,04/02/2022,400,LTER2,Environment,Y,DOC Acidified 04/05,1,,
Mo22_0032,DM_LT2_0402_09,DielMoroea,04/02/2022,400,LTER2,Environment,Y,DOC Acidified 04/05,2,,
Mo22_0033,DM_LT2_0402_12,DielMoroea,04/02/2022,400,LTER2,Environment,Y,,3,,
Mo22_0034,DM_LT2_0402_15,DielMoroea,04/02/2022,400,LTER2,Environment,Y,,4,,
Mo22_0035,DM_LT2_0402_18,DielMoroea,04/02/2022,0,LTER2,Environment,,,5,,
Mo22_0036,DM_LT2_0402_21,DielMoroea,04/02/2022,0,LTER2,Environment,,,6,,
Mo22_0037,DM_LT2_0403_00,DielMoroea,04/03/2022,400,LTER2,Environment,Y,,7,,
Mo22_0038,DM_LT2_0403_03,DielMoroea,04/03/2022,400,LTER2,Environment,Y,,8,,
Mo22_0039,DM_LT2_0403_06,DielMoroea,04/03/2022,400,LTER2,Environment,Y,,9,,
Mo22_0040,DM_LT2_0403_09,DielMoroea,04/03/2022,400,LTER2,Environment,,,10,,
Mo22_0041,DC_A1_0404_09,DielCampfire,04/04/2022,0,LTER2,Environment,,Double FCM,1,,
Mo22_0042,DC_A1_0404_12,DielCampfire,04/04/2022,0,LTER2,Environment,,Double FCM,2,,
Mo22_0043,DC_A1_0404_15,DielCampfire,04/04/2022,0,LTER2,Environment,,Double FCM,3,,
Mo22_0044,DC_A1_0404_18,DielCampfire,04/04/2022,0,LTER2,Environment,,Double FCM,4,,
Mo22_0045,DC_A1_0404_21,DielCampfire,04/04/2022,0,LTER2,Environment,,Double FCM,5,,
Mo22_0046,DC_A1_0405_00,DielCampfire,04/04/2022,0,LTER2,Environment,,Double FCM,6,,
Mo22_0047,DC_A1_0405_03,DielCampfire,04/04/2022,0,LTER2,Environment,,Double FCM,7,,
Mo22_0048,DC_A1_0405_06,DielCampfire,04/04/2022,0,LTER2,Environment,,Double FCM,8,,
Mo22_0049,DC_A1_0405_09,DielCampfire,04/04/2022,0,LTER2,Environment,,Double FCM,9,,
Mo22_0050,,,,,,,,,10,,
Mo22_0051,DM_LT1_0330_12,DielMoroea,03/30/2022,400,LTER1,Environment,Y,,1,,
Mo22_0052,DM_LT1_0330_15,DielMoroea,03/30/2022,400,LTER1,Environment,Y,,2,,
Mo22_0053,DM_LT1_0330_18,DielMoroea,03/30/2022,400,LTER1,Environment,Y,,3,,
Mo22_0054,DM_LT1_0330_21,DielMoroea,03/30/2022,400,LTER1,Environment,Y,,4,,
Mo22_0055,DM_LT1_0331_00,DielMoroea,03/31/2022,400,LTER1,Environment,Y,,5,,
Mo22_0056,DM_LT1_0331_03,DielMoroea,03/31/2022,400,LTER1,Environment,Y,,6,,
Mo22_0057,DM_LT1_0331_06,DielMoroea,03/31/2022,400,LTER1,Environment,Y,,7,,
Mo22_0058,DM_LT1_0331_09,DielMoroea,03/31/2022,400,LTER1,Environment,Y,,8,,
Mo22_0059,DM_LT1_0331_12,DielMoroea,03/31/2022,400,LTER1,Environment,Y,,9,,
Mo22_0060,DM_LT1_0331_15,DielMoroea,03/31/2022,400,LTER1,Environment,Y,DOC Acidified 04/05,10,,
Mo22_0061,DM_LT1_0331_18,DielMoroea,03/31/2022,400,LTER1,Environment,Y,DOC Acidified 04/05,1,,
Mo22_0062,DM_LT1_0331_21,DielMoroea,03/31/2022,400,LTER1,Environment,Y,DOC Acidified 04/05,2,,
Mo22_0063,DM_LT1_0401_00,DielMoroea,04/01/2022,400,LTER1,Environment,Y,DOC Acidified 04/05,3,,
Mo22_0064,DM_LT1_0401_03,DielMoroea,04/01/2022,400,LTER1,Environment,Y,DOC Acidified 04/05,4,,
Mo22_0065,DM_LT1_0401_06,DielMoroea,04/01/2022,400,LTER1,Environment,Y,DOC Acidified 04/05,5,,
Mo22_0066,DM_LT1_0401_09,DielMoroea,04/01/2022,400,LTER1,Environment,Y,DOC Acidified 04/05,6,,
Mo22_0067,DM_LT1_0401_12,DielMoroea,04/01/2022,200,LTER1,Environment,Y,DOC Acidified 04/05,7,,
Mo22_0068,DM_LT1_0401_15,DielMoroea,04/01/2022,400,LTER1,Environment,Y,DOC Acidified 04/05,8,,
Mo22_0069,DM_LT1_0401_18,DielMoroea,04/02/2022,400,LTER1,Environment,Y,DOC Acidified 04/05,9,,
Mo22_0070,DM_LT1_0401_21,DielMoroea,04/02/2022,400,LTER1,Environment,Y,DOC Acidified 04/05,10,High pFA concentration,
Mo22_0071,DM_LT1_0402_00,DielMoroea,04/02/2022,400,LTER1,Environment,Y,DOC Acidified 04/05,1,,
Mo22_0072,DM_LT1_0402_03,DielMoroea,04/02/2022,0,LTER1,Environment,Y,DOC Acidified 04/05,2,,
Mo22_0073,DM_LT1_0402_06,DielMoroea,04/02/2022,400,LTER1,Environment,Y,DOC Acidified 04/05,3,,
Mo22_0074,DM_LT1_0402_09,DielMoroea,04/02/2022,400,LTER1,Environment,Y,DOC Acidified 04/05,4,,
Mo22_0075,DM_LT1_0402_12,DielMoroea,04/02/2022,400,LTER1,Environment,Y,,5,,
Mo22_0076,DM_LT1_0402_15,DielMoroea,04/02/2022,0,LTER1,Environment,Y,,6,,
Mo22_0077,DM_LT1_0402_18,DielMoroea,04/03/2022,400,LTER1,Environment,Y,,7,,
Mo22_0078,DM_LT1_0402_21,DielMoroea,04/03/2022,0,LTER1,Environment,,,8,,
Mo22_0079,DM_LT1_0403_00,DielMoroea,04/03/2022,400,LTER1,Environment,Y,,9,,
Mo22_0080,DM_LT1_0403_03,DielMoroea,04/03/2022,0,LTER1,Environment,Y,,10,,
Mo22_0081,DM_LT1_0403_06,DielMoroea,04/03/2022,0,LTER1,Environment,Y,,1,,
Mo22_0082,DM_LT1_0403_09,DielMoroea,04/03/2022,400,LTER1,Environment,,,2,,
Mo22_0083,,,,,,,,,,,
Mo22_0084,,,,,,,,,,,
Mo22_0085,,,,,,,,,,,
Mo22_0086,,,,,,,,,,,
Mo22_0087,,,,,,,,,,,
Mo22_0088,,,,,,,,,,,
Mo22_0089,,,,,,,,,,,
Mo22_0090,,,,,,,,,,,
Mo22_0091,DC_A2_0404_09,DielCampfire,04/04/2022,400,LTER2,Environment,Y,Double FCM,1,,
Mo22_0092,DC_A2_0404_12,DielCampfire,04/04/2022,0,LTER2,Environment,,Double FCM,2,,
Mo22_0093,DC_A2_0404_15,DielCampfire,04/04/2022,0,LTER2,Environment,,Double FCM,3,,
Mo22_0094,DC_A2_0404_18,DielCampfire,04/04/2022,400,LTER2,Environment,Y,Double FCM,4,,
Mo22_0095,DC_A2_0404_21,DielCampfire,04/04/2022,400,LTER2,Environment,Y,Double FCM,5,,
Mo22_0096,DC_A2_0405_00,DielCampfire,04/05/2022,0,LTER2,Environment,,Double FCM,6,,
Mo22_0097,DC_A2_0405_03,DielCampfire,04/05/2022,400,LTER2,Environment,Y,Double FCM,7,,
Mo22_0098,DC_A2_0405_06,DielCampfire,04/05/2022,400,LTER2,Environment,Y,Double FCM,8,,
Mo22_0099,DC_A2_0405_09,DielCampfire,04/05/2022,400,LTER2,Environment,Y,Double FCM,9,,
,,,,,,,,,,,
Mo22_0101,SP_01_1,SPIFFY,4/6/2022,1000,Channel,Environment,Y,,,"FCM, FDOM, Chl a, sterivex, nuts, POM, DOC, PPL",
Mo22_0102,SP_01_2,SPIFFY,4/6/2022,1000,Channel,Environment,,,,PPL Rep,
Mo22_0103,SP_02_1,SPIFFY,4/6/2022,1000,Channel,Environment,Y,,,"FCM, FDOM, Chl a, sterivex, nuts, POM, DOC, PPL",
Mo22_0104,SP_02_2,SPIFFY,4/6/2022,1000,Channel,Environment,,,,PPL Rep,
Mo22_0105,SP_03_1,SPIFFY,4/6/2022,1000,Channel,Environment,Y,,,"FCM, FDOM, Chl a, sterivex, nuts, POM, DOC, PPL",
Mo22_0106,SP_03_2,SPIFFY,4/6/2022,1000,Channel,Environment,,,,PPL Rep,
Mo22_0107,SP_04_1,SPIFFY,4/6/2022,1000,Channel,Environment,Y,,,"FCM, FDOM, Chl a, sterivex, nuts, POM, DOC, PPL",
Mo22_0108,SP_04_2,SPIFFY,4/6/2022,1000,Channel,Environment,,,,PPL Rep,
Mo22_0109,SP_05_1,SPIFFY,4/6/2022,1000,Channel,Environment,Y,,,"FCM, FDOM, Chl a, sterivex, nuts, POM, DOC, PPL",
Mo22_0110,SP_05_2,SPIFFY,4/6/2022,1000,Channel,Environment,,,,PPL Rep,
Mo22_0111,SP_06_1,SPIFFY,4/6/2022,1000,Tongue,Environment,Y,,,"FCM, FDOM, Chl a, sterivex, nuts, POM, DOC, PPL",
Mo22_0112,SP_06_2,SPIFFY,4/6/2022,1000,Tongue,Environment,,,,PPL Rep,
Mo22_0113,SP_07_1,SPIFFY,4/6/2022,1000,Tongue,Environment,Y,,,"FCM, FDOM, Chl a, sterivex, nuts, POM, DOC, PPL",
Mo22_0114,SP_07_2,SPIFFY,4/6/2022,1000,Tongue,Environment,,,,PPL Rep,
Mo22_0115,SP_08_1,SPIFFY,4/6/2022,1000,Backreef,Environment,Y,,,"FCM, FDOM, Chl a, sterivex, nuts, POM, DOC, PPL",
Mo22_0116,SP_08_2,SPIFFY,4/6/2022,1000,Backreef,Environment,,,,PPL Rep,
Mo22_0117,SP_09_1,SPIFFY,4/6/2022,1000,Backreef,Environment,Y,,,"FCM, FDOM, Chl a, sterivex, nuts, POM, DOC, PPL",
Mo22_0118,SP_09_2,SPIFFY,4/6/2022,1000,Backreef,Environment,,,,PPL Rep,
Mo22_0119,SP_10_1,SPIFFY,4/6/2022,1000,Backreef,Environment,Y,,,"FCM, FDOM, Chl a, sterivex, nuts, POM, DOC, PPL",
Mo22_0120,SP_10_2,SPIFFY,4/6/2022,1000,Backreef,Environment,,,,PPL Rep,
Mo22_0121,SP_11_1,SPIFFY,4/6/2022,1000,Backreef,Environment,Y,,,"FCM, FDOM, Chl a, sterivex, nuts, POM, DOC, PPL",
Mo22_0122,SP_11_2,SPIFFY,4/6/2022,1000,Backreef,Environment,,,,PPL Rep,
Mo22_0123,SP_12_1,SPIFFY,4/6/2022,1000,Backreef,Environment,Y,,,"FCM, FDOM, Chl a, sterivex, nuts, POM, DOC, PPL",
Mo22_0124,SP_12_2,SPIFFY,4/6/2022,1000,Backreef,Environment,,,,PPL Rep,
Mo22_0125,SP_13_1,SPIFFY,4/6/2022,1000,Forereef,Environment,Y,,,"FCM, FDOM, Chl a, sterivex, nuts, POM, DOC, PPL",
Mo22_0126,SP_13_2,SPIFFY,4/6/2022,1000,Forereef,Environment,,,,PPL Rep,
Mo22_0127,SP_14_1,SPIFFY,4/6/2022,1000,Forereef,Environment,Y,,,"FCM, FDOM, Chl a, sterivex, nuts, POM, DOC, PPL",
Mo22_0128,SP_14_2,SPIFFY,4/6/2022,1000,Forereef,Environment,,,,PPL Rep,
Mo22_0129,SP_15_1,SPIFFY,4/6/2022,1000,Forereef,Environment,Y,,,"FCM, FDOM, Chl a, sterivex, nuts, POM, DOC, PPL",
Mo22_0130,SP_15_2,SPIFFY,4/6/2022,1000,Forereef,Environment,,,,PPL Rep,
Mo22_0131,SP_16_1,SPIFFY,4/6/2022,1000,Offshore,Environment,Y,,,"FCM, FDOM, Chl a, sterivex, nuts, POM, DOC, PPL",
Mo22_0132,SP_16_2,SPIFFY,4/6/2022,1000,Offshore,Environment,,,,PPL Rep,
Mo22_0133,SP_17_1,SPIFFY,4/6/2022,1000,Forereef,Environment,Y,,,"FCM, FDOM, Chl a, sterivex, nuts, POM, DOC, PPL",
Mo22_0134,SP_17_2,SPIFFY,4/6/2022,1000,Forereef,Environment,,,,PPL Rep,
Mo22_0135,SP_18_1,SPIFFY,4/6/2022,1000,Forereef,Environment,Y,,,"FCM, FDOM, Chl a, sterivex, nuts, POM, DOC, PPL",
Mo22_0136,SP_18_2,SPIFFY,4/6/2022,1000,Forereef,Environment,,,,PPL Rep,
Mo22_0137,SP_19_1,SPIFFY,4/6/2022,1000,Forereef,Environment,Y,,,"FCM, FDOM, Chl a, sterivex, nuts, POM, DOC, PPL",
Mo22_0138,SP_19_2,SPIFFY,4/6/2022,1000,Forereef,Environment,,,,PPL Rep,
Mo22_0139,SP_20_1,SPIFFY,4/6/2022,1000,Offshore,Environment,Y,,,"FCM, FDOM, Chl a, sterivex, nuts, POM, DOC, PPL",
Mo22_0140,SP_20_2,SPIFFY,4/6/2022,1000,Offshore,Environment,,,,PPL Rep,
Mo22_0141,,,,,,,,,,,
Mo22_0142,SL_1_OS_1,SPIFFYLANG,4/1/22,1000,Offshore,Environment,Y,,,"FCM, FDOM, Chl a, sterivex, nuts, POM, DOC, PPL",
Mo22_0143,SL_1_OS_2,SPIFFYLANG,4/1/22,1000,Offshore,Environment,,,,"PPL Rep, DOC Rep",
Mo22_0144,SL_1_F3_1,SPIFFYLANG,4/1/22,1000,Forereef,Environment,Y,,,"FCM, FDOM, Chl a, sterivex, nuts, POM, DOC, PPL",
Mo22_0145,SL_1_F3_2,SPIFFYLANG,4/1/22,1000,Forereef,Environment,,,,"PPL Rep, DOC Rep",
Mo22_0146,SL_1_F2_1,SPIFFYLANG,4/1/22,900,Forereef,Environment,Y,,,"FCM, FDOM, Chl a, sterivex, nuts, POM, DOC, PPL",
Mo22_0147,SL_1_F2_2,SPIFFYLANG,4/1/22,900,Forereef,Environment,,,,"PPL Rep, DOC Rep",
Mo22_0148,SL_1_F1_1,SPIFFYLANG,4/1/22,1000,Forereef,Environment,Y,,,"FCM, FDOM, Chl a, sterivex, nuts, POM, DOC, PPL",
Mo22_0149,SL_1_F1_2,SPIFFYLANG,4/1/22,1000,Forereef,Environment,,,,"PPL Rep, DOC Rep",
Mo22_0150,SL_1_B1_1,SPIFFYLANG,4/1/22,1000,Backreef,Environment,Y,,,"FCM, FDOM, Chl a, sterivex, nuts, POM, DOC, PPL",
Mo22_0151,SL_1_B1_2,SPIFFYLANG,4/1/22,1000,Backreef,Environment,,,,"PPL Rep, DOC Rep",
Mo22_0152,SL_1_B2_1,SPIFFYLANG,4/1/22,1000,Backreef,Environment,Y,,,"FCM, FDOM, Chl a, sterivex, nuts, POM, DOC, PPL",
Mo22_0153,SL_1_B2_2,SPIFFYLANG,4/1/22,1000,Backreef,Environment,,,,"PPL Rep, DOC Rep",
Mo22_0154,SL_1_B3_1,SPIFFYLANG,4/1/22,1000,Backreef,Environment,Y,,,"FCM, FDOM, Chl a, sterivex, nuts, POM, DOC, PPL",
Mo22_0155,SL_1_B3_2,SPIFFYLANG,4/1/22,1000,Backreef,Environment,,,,"PPL Rep, DOC Rep",
Mo22_0156,SL_1_B4_1,SPIFFYLANG,4/1/22,1000,Backreef,Environment,Y,,,"FCM, FDOM, Chl a, sterivex, nuts, POM, DOC, PPL",
Mo22_0157,SL_1_B4_2,SPIFFYLANG,4/1/22,,Backreef,Environment,,,,"PPL Rep, DOC Rep",
Mo22_0158,SL_1_B5_1,SPIFFYLANG,4/1/22,1000,Backreef,Environment,Y,,,"FCM, FDOM, Chl a, sterivex, nuts, POM, DOC, PPL",
Mo22_0159,SL_1_B5_2,SPIFFYLANG,4/1/22,1000,Backreef,Environment,,,,"PPL Rep, DOC Rep",
Mo22_0160,SL_1_B6_1,SPIFFYLANG,4/1/22,1000,Backreef,Environment,Y,,,"FCM, FDOM, Chl a, sterivex, nuts, POM, DOC, PPL",
Mo22_0161,SL_1_B6_2,SPIFFYLANG,4/1/22,1000,Backreef,Environment,,,,"PPL Rep, DOC Rep",
Mo22_0162,SL_1_B7_1,SPIFFYLANG,4/1/22,400,Backreef,Environment,Y,,,"FCM, FDOM, Chl a, sterivex, nuts, POM, DOC, PPL",
Mo22_0163,SL_1_B7_2,SPIFFYLANG,4/1/22,,Backreef,Environment,,,,"PPL Rep, DOC Rep",
Mo22_0164,SL_1_B8_1,SPIFFYLANG,4/1/22,1000,Backreef,Environment,Y,,,"FCM, FDOM, Chl a, sterivex, nuts, POM, DOC, PPL",
Mo22_0165,SL_1_B8_2,SPIFFYLANG,4/1/22,1000,Backreef,Environment,,,,"PPL Rep, DOC Rep",
Mo22_0166,SL_2_OS_1,SPIFFYLANG,4/3/22,1000,Offshore,Environment,Y,,,"FCM, FDOM, Chl a, sterivex, nuts, POM, DOC, PPL",
Mo22_0167,SL_2_OS_2,SPIFFYLANG,4/3/22,1000,Offshore,Environment,,,,"PPL Rep, DOC Rep",
Mo22_0168,SL_2_F3_1,SPIFFYLANG,4/3/22,1000,Forereef,Environment,Y,,,"FCM, FDOM, Chl a, sterivex, nuts, POM, DOC, PPL",
Mo22_0169,SL_2_F3_2,SPIFFYLANG,4/3/22,1000,Forereef,Environment,,,,"PPL Rep, DOC Rep",
Mo22_0170,SL_2_F2_1,SPIFFYLANG,4/3/22,1000,Forereef,Environment,Y,,,"FCM, FDOM, Chl a, sterivex, nuts, POM, DOC, PPL",
Mo22_0171,SL_2_F2_2,SPIFFYLANG,4/3/22,1000,Forereef,Environment,,,,"PPL Rep, DOC Rep",
Mo22_0172,SL_2_F1_1,SPIFFYLANG,4/3/22,1000,Forereef,Environment,Y,,,"FCM, FDOM, Chl a, sterivex, nuts, POM, DOC, PPL",
Mo22_0173,SL_2_F1_2,SPIFFYLANG,4/3/22,1000,Forereef,Environment,,,,"PPL Rep, DOC Rep",
Mo22_0174,SL_2_B1_1,SPIFFYLANG,4/3/22,1000,Backreef,Environment,Y,,,"FCM, FDOM, Chl a, sterivex, nuts, POM, DOC, PPL",
Mo22_0175,SL_2_B1_2,SPIFFYLANG,4/3/22,1000,Backreef,Environment,,,,"PPL Rep, DOC Rep",
Mo22_0176,SL_2_B2_1,SPIFFYLANG,4/3/22,1000,Backreef,Environment,Y,,,"FCM, FDOM, Chl a, sterivex, nuts, POM, DOC, PPL",
Mo22_0177,SL_2_B2_2,SPIFFYLANG,4/3/22,1000,Backreef,Environment,,,,"PPL Rep, DOC Rep",
Mo22_0178,SL_2_B3_1,SPIFFYLANG,4/3/22,1000,Backreef,Environment,Y,,,"FCM, FDOM, Chl a, sterivex, nuts, POM, DOC, PPL",
Mo22_0179,SL_2_B3_2,SPIFFYLANG,4/3/22,1000,Backreef,Environment,,,,"PPL Rep, DOC Rep",
Mo22_0180,SL_2_B4_1,SPIFFYLANG,4/3/22,1000,Backreef,Environment,Y,,,"FCM, FDOM, Chl a, sterivex, nuts, POM, DOC, PPL",
Mo22_0181,SL_2_B4_2,SPIFFYLANG,4/3/22,1000,Backreef,Environment,,,,"PPL Rep, DOC Rep",
Mo22_0182,SL_2_B5_1,SPIFFYLANG,4/3/22,1000,Backreef,Environment,Y,,,"FCM, FDOM, Chl a, sterivex, nuts, POM, DOC, PPL",
Mo22_0183,SL_2_B5_2,SPIFFYLANG,4/3/22,1000,Backreef,Environment,,,,"PPL Rep, DOC Rep",
Mo22_0184,SL_2_B6_1,SPIFFYLANG,4/3/22,1000,Backreef,Environment,Y,,,"FCM, FDOM, Chl a, sterivex, nuts, POM, DOC, PPL",
Mo22_0185,SL_2_B6_2,SPIFFYLANG,4/3/22,1000,Backreef,Environment,,,,PPL Rep,
Mo22_0186,SL_2_B7_1,SPIFFYLANG,4/3/22,1000,Backreef,Environment,Y,,,"FCM, FDOM, Chl a, sterivex, nuts, POM, DOC, PPL",
Mo22_0187,SL_2_B7_2,SPIFFYLANG,4/3/22,1000,Backreef,Environment,,,,PPL Rep,
Mo22_0188,SL_2_B8_1,SPIFFYLANG,4/3/22,1000,Backreef,Environment,Y,,,"FCM, FDOM, Chl a, sterivex, nuts, POM, DOC, PPL",
Mo22_0189,SL_2_B8_2,SPIFFYLANG,4/3/22,1000,Backreef,Environment,,,,PPL Rep,
Mo22_0190,SL_3_OS_1,SPIFFYLANG,4/12/22,1000,Offshore,Environment,Y,,,"FCM, FDOM, Chl a, sterivex, nuts, POM, DOC, PPL",
Mo22_0191,SL_3_OS_2,SPIFFYLANG,4/12/22,1000,Offshore,Environment,,,,"PPL Rep, DOC Sterivex",
Mo22_0192,SL_3_F3_1,SPIFFYLANG,4/12/22,1000,Forereef,Environment,Y,,,"FCM, FDOM, Chl a, sterivex, nuts, POM, DOC, PPL",
Mo22_0193,SL_3_F3_2,SPIFFYLANG,4/12/22,1000,Forereef,Environment,,,,"PPL Rep, DOC Sterivex",
Mo22_0194,SL_3_F2_1,SPIFFYLANG,4/12/22,1000,Forereef,Environment,Y,,,"FCM, FDOM, Chl a, sterivex, nuts, POM, DOC, PPL",
Mo22_0195,SL_3_F2_2,SPIFFYLANG,4/12/22,1000,Forereef,Environment,,,,"PPL Rep, DOC Sterivex",
Mo22_0196,SL_3_F1_1,SPIFFYLANG,4/12/22,1000,Forereef,Environment,Y,,,"FCM, FDOM, Chl a, sterivex, nuts, POM, DOC, PPL",
Mo22_0197,SL_3_F1_2,SPIFFYLANG,4/12/22,1000,Forereef,Environment,,,,"PPL Rep, DOC Sterivex",
Mo22_0198,SL_3_B1_1,SPIFFYLANG,4/12/22,1000,Backreef,Environment,Y,,,"FCM, FDOM, Chl a, sterivex, nuts, POM, DOC, PPL",
Mo22_0199,SL_3_B1_2,SPIFFYLANG,4/12/22,1000,Backreef,Environment,,,,"PPL Rep, DOC Sterivex",
Mo22_0200,SL_3_B2_1,SPIFFYLANG,4/12/22,1000,Backreef,Environment,Y,,,"FCM, FDOM, Chl a, sterivex, nuts, POM, DOC, PPL",
Mo22_0201,SL_3_B2_2,SPIFFYLANG,4/12/22,1000,Backreef,Environment,,,,"PPL Rep, DOC Sterivex",
Mo22_0202,SL_3_B3_1,SPIFFYLANG,4/12/22,1000,Backreef,Environment,Y,,,"FCM, FDOM, Chl a, sterivex, nuts, POM, DOC, PPL",
Mo22_0203,SL_3_B3_2,SPIFFYLANG,4/12/22,1000,Backreef,Environment,,,,"PPL Rep, DOC Sterivex",
Mo22_0204,SL_3_B4_1,SPIFFYLANG,4/12/22,1000,Backreef,Environment,Y,,,"FCM, FDOM, Chl a, sterivex, nuts, POM, DOC, PPL",
Mo22_0205,SL_3_B4_2,SPIFFYLANG,4/12/22,1000,Backreef,Environment,,,,"PPL Rep, DOC Sterivex",
Mo22_0206,SL_3_B5_1,SPIFFYLANG,4/12/22,1000,Backreef,Environment,Y,,,"FCM, FDOM, Chl a, sterivex, nuts, POM, DOC, PPL",
Mo22_0207,SL_3_B5_2,SPIFFYLANG,4/12/22,1000,Backreef,Environment,,,,"PPL Rep, DOC Sterivex",
Mo22_0208,SL_3_B6_1,SPIFFYLANG,4/12/22,1000,Backreef,Environment,Y,,,"FCM, FDOM, Chl a, sterivex, nuts, POM, DOC, PPL",
Mo22_0209,SL_3_B6_2,SPIFFYLANG,4/12/22,1000,Backreef,Environment,,,,"PPL Rep, DOC Sterivex",
Mo22_0210,SL_3_B7_1,SPIFFYLANG,4/12/22,1000,Backreef,Environment,Y,,,"FCM, FDOM, Chl a, sterivex, nuts, POM, DOC, PPL",
Mo22_0211,SL_3_B7_2,SPIFFYLANG,4/12/22,1000,Backreef,Environment,,,,"PPL Rep, DOC Sterivex",
Mo22_0212,SL_3_B8_1,SPIFFYLANG,4/12/22,1000,Backreef,Environment,Y,,,"FCM, FDOM, Chl a, sterivex, nuts, POM, DOC, PPL",
Mo22_0213,SL_3_B8_2,SPIFFYLANG,4/12/22,1000,Backreef,Environment,,,,"PPL Rep, DOC Sterivex",
Mo22_0214,SP_gffBlank_1,SPIFFYLANG,4/11/22,500,,,,,,"TOC, PPL",LCMS Blank through gf/f
Mo22_0215,SP_gffBlank_2,SPIFFYLANG,4/11/22,,,,,,,POM blank,LCMS Blank through gf/f
Mo22_0216,Mu_ABA_t00-1,Mutant ,,,,,,,,,
Mo22_0217,Mu_ABA_t08-1,Mutant ,,,,,,,,,
Mo22_0218,Mu_ABA_t08-2,Mutant ,,,,,,,,,
Mo22_0219,Mu_ABA_t08-3,Mutant ,,,,,,,,,
Mo22_0220,Mu_ABA_t22-1,Mutant ,,,,,,,,,
Mo22_0221,Mu_ABA_t22-2,Mutant ,,,,,,,,,
Mo22_0222,Mu_ABA_t22-3,Mutant ,,,,,,,,,
Mo22_0223,Mu_ABA_t48-1,Mutant ,,,,,,,,,
Mo22_0224,Mu_ABA_t48-2,Mutant ,,,,,,,,,
Mo22_0225,Mu_ABA_t48-3,Mutant ,,,,,,,,,
Mo22_0226,Mu_CTH_t00-1,Mutant ,,,,,,,,,
Mo22_0227,Mu_CTH_t08-1,Mutant ,,,,,,,,,
Mo22_0228,Mu_CTH_t08-2,Mutant ,,,,,,,,,
Mo22_0229,Mu_CTH_t08-3,Mutant ,,,,,,,,,
Mo22_0230,"Mu_CTH_t22-1,",Mutant ,,,,,,,,,
Mo22_0231,"Mu_CTH_t22-1,",Mutant ,,,,,,,,,
Mo22_0232,"Mu_CTH_t22-1,",Mutant ,,,,,,,,,
Mo22_0233,Mu_WTR_t00-0,Mutant ,,,,,,,,,
Mo22_0234,Mu_ABA_DOC_M,Mutant ,,,,,,,,,
Mo22_0235,Mu_ABA_DOC_S,Mutant ,,,,,,,,,
Mo22_0236,Mu_CTH_DOC_M,Mutant ,,,,,,,,,
Mo22_0237,Mu_CTH_DOC_S,Mutant ,,,,,,,,,
Mo22_0238,Mu_ambt_ctrl,Mutant ,,,,,,,,,
Mo22_0239,Mu_DMP_CTL-1,Mutant ,,,,,,,,,
Mo22_0240,Mu_DMP_CTL-2,Mutant ,,,,,,,,,
Mo22_0241,Mu_DMP_CTL-3,Mutant ,,,,,,,,,
Mo22_0242,Mu_DMP_CTL-1,Mutant ,,,,,,,,,
Mo22_0243,Mu_DMP_CTL-2,Mutant ,,,,,,,,,
Mo22_0244,Mu_DMP_CTL-3,Mutant ,,,,,,,,,
Mo22_0245,Mu_DMP_t00-1,Mutant ,,,,,,,,,
Mo22_0246,Mu_DMP_t00-2,Mutant ,,,,,,,,,
Mo22_0247,Mu_DMP_t00-3,Mutant ,,,,,,,,,
Mo22_0248,Mu_DMP_t00-1,Mutant ,,,,,,,,,
Mo22_0249,Mu_DMP_t00-2,Mutant ,,,,,,,,,
Mo22_0250,Mu_DMP_t00-3,Mutant ,,,,,,,,,
Mo22_0251,Mu_DMP_t01-1,Mutant ,,,,,,,,,
Mo22_0252,Mu_DMP_t01-2,Mutant ,,,,,,,,,
Mo22_0253,Mu_DMP_t01-3,Mutant ,,,,,,,,,
Mo22_0254,Mu_DMP_t01-1,Mutant ,,,,,,,,,
Mo22_0255,Mu_DMP_t01-2,Mutant ,,,,,,,,,
Mo22_0256,Mu_DMP_t01-3,Mutant ,,,,,,,,,
Mo22_0257,Mu_DMP_t02-1,Mutant ,,,,,,,,,
Mo22_0258,Mu_DMP_t02-2,Mutant ,,,,,,,,,
Mo22_0259,Mu_DMP_t02-3,Mutant ,,,,,,,,,
Mo22_0260,Mu_DMP_t02-1,Mutant ,,,,,,,,,
Mo22_0261,Mu_DMP_t02-2,Mutant ,,,,,,,,,
Mo22_0262,Mu_DMP_t02-3,Mutant ,,,,,,,,,
Mo22_0263,Mu_DMP_t03-1,Mutant ,,,,,,,,,
Mo22_0264,Mu_DMP_t03-2,Mutant ,,,,,,,,,
Mo22_0265,Mu_DMP_t03-3,Mutant ,,,,,,,,,
Mo22_0266,Mu_DMP_t03-1,Mutant ,,,,,,,,,
Mo22_0267,Mu_DMP_t03-2,Mutant ,,,,,,,,,
Mo22_0268,Mu_DMP_t03-3,Mutant ,,,,,,,,,
Mo22_0269,Mu_PDE_CTL-1,Mutant ,,,,,,,,,
Mo22_0270,Mu_PDE_CTL-2,Mutant ,,,,,,,,,
Mo22_0271,Mu_PDE_CTL-3,Mutant ,,,,,,,,,
Mo22_0272,Mu_PDE_CTL-1,Mutant ,,,,,,,,,
Mo22_0273,Mu_PDE_CTL-2,Mutant ,,,,,,,,,
Mo22_0274,Mu_PDE_CTL-3,Mutant ,,,,,,,,,
Mo22_0275,Mu_PDE_t00-1,Mutant ,,,,,,,,,
Mo22_0276,Mu_PDE_t00-2,Mutant ,,,,,,,,,
Mo22_0277,Mu_PDE_t00-3,Mutant ,,,,,,,,,
Mo22_0278,Mu_PDE_t00-1,Mutant ,,,,,,,,,
Mo22_0279,Mu_PDE_t00-2,Mutant ,,,,,,,,,
Mo22_0280,Mu_PDE_t00-3,Mutant ,,,,,,,,,
Mo22_0281,Mu_PDE_t01-1,Mutant ,,,,,,,,,
Mo22_0282,Mu_PDE_t01-2,Mutant ,,,,,,,,,
Mo22_0283,Mu_PDE_t01-3,Mutant ,,,,,,,,,
Mo22_0284,Mu_PDE_t01-1,Mutant ,,,,,,,,,
Mo22_0285,Mu_PDE_t01-2,Mutant ,,,,,,,,,
Mo22_0286,Mu_PDE_t01-3,Mutant ,,,,,,,,,
Mo22_0287,Mu_PDE_t02-1,Mutant ,,,,,,,,,
Mo22_0288,Mu_CTH_t00-1,Mutant ,,,,,,,,,
Mo22_0289,Mu_ABA_t00-1,Mutant ,,,,,,,,,
Mo22_0290,Mu_ABA_CTR-1,Mutant ,,,,,,,,,
Mo22_0291,Mu_ABA_CTR-2,Mutant ,,,,,,,,,
Mo22_0292,Mu_ABA_CTR-3,Mutant ,,,,,,,,,
Mo22_0293,Mu_CTH_CTR-1,Mutant ,,,,,,,,,
Mo22_0294,Mu_CTH_CTR-2,Mutant ,,,,,,,,,
Mo22_0295,Mu_CTH_CTR-3,Mutant ,,,,,,,,,
Mo22_0296,Mu_PDE_t02-2,Mutant ,,,,,,,,,
Mo22_0297,Mu_PDE_t02-3,Mutant ,,,,,,,,,
Mo22_0298,Mu_PDE_t02-1,Mutant ,,,,,,,,,
Mo22_0299,Mu_PDE_t02-2,Mutant ,,,,,,,,,
Mo22_0300,TURNT_001,TURNT,,800,,,,,,,
Mo22_0301,TURNT_002,TURNT,,800,,,,,,,
Mo22_0302,TURNT_003,TURNT,,800,,,,,,,
Mo22_0303,TURNT_004,TURNT,,800,,,,,,,
Mo22_0304,TURNT_005,TURNT,,800,,,,,,,
Mo22_0305,TURNT_006,TURNT,,800,,,,,,,
Mo22_0306,TURNT_007,TURNT,,800,,,,,,,
Mo22_0307,TURNT_008,TURNT,,800,,,,,,,
Mo22_0308,TURNT_009,TURNT,,800,,,,,,,
Mo22_0309,TURNT_010,TURNT,,800,,,,,,,
Mo22_0310,TURNT_011,TURNT,,800,,,,,,,
Mo22_0311,TURNT_012,TURNT,,800,,,,,,,
Mo22_0312,TURNT_013,TURNT,,800,,,,,,,
Mo22_0313,TURNT_014,TURNT,,800,,,,,,,
Mo22_0314,TURNT_015,TURNT,,800,,,,,,,
Mo22_0315,TURNT_016,TURNT,,800,,,,,,,
Mo22_0316,TURNT_017,TURNT,,800,,,,,,,
Mo22_0317,TURNT_018,TURNT,,800,,,,,,,
Mo22_0318,TURNT_019,TURNT,,600,,,,,,,
Mo22_0319,TURNT_020,TURNT,,600,,,,,,,
Mo22_0320,TURNT_021,TURNT,,600,,,,,,,
Mo22_0321,TURNT_022,TURNT,,600,,,,,,,
Mo22_0322,TURNT_023,TURNT,,600,,,,,,,
Mo22_0323,TURNT_024,TURNT,,600,,,,,,,
Mo22_0324,TURNT_025,TURNT,,600,,,,,,,
Mo22_0325,TURNT_026,TURNT,,600,,,,,,,
Mo22_0326,TURNT_027,TURNT,,600,,,,,,,
Mo22_0327,TURNT_028,TURNT,,600,,,,,,,
Mo22_0328,TURNT_029,TURNT,,600,,,,,,,
Mo22_0329,TURNT_030,TURNT,,600,,,,,,,
Mo22_0330,TURNT_031,TURNT,,600,,,,,,,
Mo22_0331,TURNT_032,TURNT,,600,,,,,,,
Mo22_0332,TURNT_033,TURNT,,600,,,,,,,
Mo22_0333,TURNT_034,TURNT,,600,,,,,,,
Mo22_0334,TURNT_035,TURNT,,600,,,,,,,
Mo22_0335,TURNT_036,TURNT,,600,,,,,,,
Mo22_0336,TURNT_037,TURNT,,600,,,,,,,
Mo22_0337,TURNT_038,TURNT,,600,,,,,,,
Mo22_0338,TURNT_039,TURNT,,500,,,,,,,
Mo22_0339,TURNT_040,TURNT,,500,,,,,,,
Mo22_0340,TURNT_041,TURNT,,500,,,,,,,
Mo22_0341,TURNT_042,TURNT,,500,,,,,,,
Mo22_0342,TURNT_043,TURNT,,500,,,,,,,
Mo22_0343,TURNT_044,TURNT,,500,,,,,,,
Mo22_0344,TURNT_045,TURNT,,500,,,,,,,
Mo22_0345,TURNT_046,TURNT,,500,,,,,,,
Mo22_0346,TURNT_047,TURNT,,500,,,,,,,
Mo22_0347,TURNT_048,TURNT,,500,,,,,,,
Mo22_0348,TURNT_049,TURNT,,500,,,,,,,
Mo22_0349,TURNT_050,TURNT,,500,,,,,,,
Mo22_0350,TURNT_051,TURNT,,450,,,,,,,
Mo22_0351,TURNT_052,TURNT,,450,,,,,,,
Mo22_0352,TURNT_053,TURNT,,450,,,,,,,
Mo22_0353,TURNT_054,TURNT,,450,,,,,,,
Mo22_0354,Mu_PDE_t02-3,Mutant ,,TURNT 450,,,,,,,
Mo22_0355,Mu_PDE_t03-1,Mutant ,,TURNT 450,,,,,,,
Mo22_0356,Mu_PDE_t03-2,Mutant ,,TURNT 450,,,,,,,
Mo22_0357,Mu_PDE_t03-3,Mutant ,,TURNT 450,,,,,,,
Mo22_0358,Mu_PDE_t03-1,Mutant ,,TURNT 450,,,,,,,
Mo22_0359,Mu_PDE_t03-2,Mutant ,,TURNT 450,,,,,,,
Mo22_0360,Mu_PDE_t03-3,Mutant ,,TURNT 450,,,,,,,
Mo22_0361,Mu_TMG_CTL-1,Mutant ,,TURNT 450,,,,,,,
Mo22_0362,Mu_TMG_CTL-2,Mutant ,,,,,,,,,
Mo22_0363,Mu_TMG_CTL-3,Mutant ,,,,,,,,,
Mo22_0364,Mu_TMG_CTL-1,Mutant ,,,,,,,,,
Mo22_0365,Mu_TMG_CTL-2,Mutant ,,,,,,,,,
Mo22_0366,Mu_TMG_CTL-3,Mutant ,,,,,,,,,
Mo22_0367,Mu_TMG_t00-1,Mutant ,,,,,,,,,
Mo22_0368,Mu_TMG_t00-2,Mutant ,,,,,,,,,
Mo22_0369,Mu_TMG_t00-3,Mutant ,,,,,,,,,
Mo22_0370,Mu_TMG_t00-1,Mutant ,,,,,,,,,
Mo22_0371,Mu_TMG_t00-2,Mutant ,,,,,,,,,
Mo22_0372,Mu_TMG_t00-3,Mutant ,,,,,,,,,
Mo22_0373,Mu_TMG_t01-1,Mutant ,,,,,,,,,
Mo22_0374,Mu_TMG_t01-2,Mutant ,,,,,,,,,
Mo22_0375,Mu_TMG_t01-3,Mutant ,,,,,,,,,
Mo22_0376,Mu_TMG_t01-1,Mutant ,,,,,,,,,
Mo22_0377,Mu_TMG_t01-2,Mutant ,,,,,,,,,
Mo22_0378,Mu_TMG_t01-3,Mutant ,,,,,,,,,
Mo22_0379,Mu_TMG_t02-1,Mutant ,,,,,,,,,
Mo22_0380,Mu_TMG_t02-2,Mutant ,,,,,,,,,
Mo22_0381,Mu_TMG_t02-3,Mutant ,,,,,,,,,
Mo22_0382,Mu_TMG_t02-1,Mutant ,,,,,,,,,
Mo22_0383,Mu_TMG_t02-2,Mutant ,,,,,,,,,
Mo22_0384,Mu_TMG_t02-3,Mutant ,,,,,,,,,
Mo22_0385,Mu_TMG_t03-1,Mutant ,,,,,,,,,
Mo22_0386,Mu_TMG_t03-2,Mutant ,,,,,,,,,
Mo22_0387,Mu_TMG_t03-3,Mutant ,,,,,,,,,
Mo22_0388,Mu_TMG_t03-1,Mutant ,,,,,,,,,
Mo22_0389,Mu_TMG_t03-2,Mutant ,,,,,,,,,
Mo22_0390,Mu_TMG_t03-3,Mutant ,,,,,,,,,
Mo22_0391,Mu_RTA_CTL-1,Mutant ,,,,,,,,,
Mo22_0392,Mu_RTA_CTL-2,Mutant ,,,,,,,,,
Mo22_0393,Mu_RTA_CTL-3,Mutant ,,,,,,,,,
Mo22_0394,Mu_RTA_CTL-1,Mutant ,,,,,,,,,
Mo22_0395,Mu_RTA_CTL-2,Mutant ,,,,,,,,,
Mo22_0396,Mu_RTA_CTL-3,Mutant ,,,,,,,,,
Mo22_0397,Mu_RTA_t00-1,Mutant ,,,,,,,,,
Mo22_0398,Mu_RTA_t00-2,Mutant ,,,,,,,,,
Mo22_0399,Mu_RTA_t00-3,Mutant ,,,,,,,,,
Mo22_0400,Mu_RTA_t00-1,Mutant ,,,,,,,,,
Mo22_0401,Mu_RTA_t00-2,Mutant ,,,,,,,,,
Mo22_0402,Mu_RTA_t00-3,Mutant ,,,,,,,,,
Mo22_0403,Mu_RTA_t01-1,Mutant ,,,,,,,,,
Mo22_0404,Mu_RTA_t01-2,Mutant ,,,,,,,,,
Mo22_0405,Mu_RTA_t01-3,Mutant ,,,,,,,,,
Mo22_0406,Mu_RTA_t01-1,Mutant ,,,,,,,,,
Mo22_0407,Mu_RTA_t01-2,Mutant ,,,,,,,,,
Mo22_0408,Mu_RTA_t01-3,Mutant ,,,,,,,,,
Mo22_0409,Mu_RTA_t02-1,Mutant ,,,,,,,,,
Mo22_0410,Mu_RTA_t02-2,Mutant ,,,,,,,,,
Mo22_0411,Mu_RTA_t02-3,Mutant ,,,,,,,,,
Mo22_0412,Mu_RTA_t02-1,Mutant ,,,,,,,,,
Mo22_0413,Mu_RTA_t02-2,Mutant ,,,,,,,,,
Mo22_0414,Mu_RTA_t02-3,Mutant ,,,,,,,,,
Mo22_0415,Mu_RTA_t03-1,Mutant ,,,,,,,,,
Mo22_0416,Mu_RTA_t03-2,Mutant ,,,,,,,,,
Mo22_0417,Mu_RTA_t03-3,Mutant ,,,,,,,,,
Mo22_0418,Mu_RTA_t03-1,Mutant ,,,,,,,,,
Mo22_0419,Mu_RTA_t03-2,Mutant ,,,,,,,,,
Mo22_0420,Mu_RTA_t03-3,Mutant ,,,,,,,,,
Mo22_0421,Mu_HPA_CTL-1,Mutant ,,,,,,,,,
Mo22_0422,Mu_HPA_CTL-2,Mutant ,,,,,,,,,
Mo22_0423,Mu_HPA_CTL-3,Mutant ,,,,,,,,,
Mo22_0424,Mu_HPA_CTL-1,Mutant ,,,,,,,,,
Mo22_0425,Mu_HPA_CTL-2,Mutant ,,,,,,,,,
Mo22_0426,Mu_HPA_CTL-3,Mutant ,,,,,,,,,
Mo22_0427,Mu_HPA_t00-1,Mutant ,,,,,,,,,
Mo22_0428,Mu_HPA_t00-1,Mutant ,,,,,,,,,
Mo22_0429,Mu_HPA_t01-1,Mutant ,,,,,,,,,
Mo22_0430,Mu_HPA_t01-2,Mutant ,,,,,,,,,
Mo22_0431,Mu_HPA_t01-3,Mutant ,,,,,,,,,
Mo22_0432,Mu_HPA_t01-1,Mutant ,,,,,,,,,
Mo22_0433,Mu_HPA_t01-2,Mutant ,,,,,,,,,
Mo22_0434,Mu_HPA_t01-3,Mutant ,,,,,,,,,
Mo22_0435,Mu_HPA_t02-1,Mutant ,,,,,,,,,
Mo22_0436,Mu_HPA_t02-2,Mutant ,,,,,,,,,
Mo22_0437,Mu_HPA_t02-3,Mutant ,,,,,,,,,
Mo22_0438,Mu_HPA_t02-1,Mutant ,,,,,,,,,
Mo22_0439,Mu_HPA_t02-2,Mutant ,,,,,,,,,
Mo22_0440,Mu_HPA_t02-3,Mutant ,,,,,,,,,
Mo22_0441,Mu_HPA_t03-1,Mutant ,,,,,,,,,
Mo22_0442,Mu_HPA_t03-2,Mutant ,,,,,,,,,
Mo22_0443,Mu_HPA_t03-3,Mutant ,,,,,,,,,
Mo22_0444,Mu_HPA_t03-1,Mutant ,,,,,,,,,
Mo22_0445,Mu_HPA_t03-2,Mutant ,,,,,,,,,
Mo22_0446,Mu_HPA_t03-3,Mutant ,,,,,,,,,
Mo22_0447,Mu_QCA_CTL-1,Mutant ,,,,,,,,,
Mo22_0448,Mu_QCA_CTL-2,Mutant ,,,,,,,,,
Mo22_0449,Mu_QCA_CTL-3,Mutant ,,,,,,,,,
Mo22_0450,Mu_QCA_CTL-1,Mutant ,,,,,,,,,
Mo22_0451,Mu_QCA_CTL-2,Mutant ,,,,,,,,,
Mo22_0452,Mu_QCA_CTL-3,Mutant ,,,,,,,,,
Mo22_0453,Mu_QCA_t00-1,Mutant ,,,,,,,,,
Mo22_0454,Mu_QCA_t00-1,Mutant ,,,,,,,,,
Mo22_0455,Mu_QCA_t00-3,Mutant ,,,,,,,,,
Mo22_0456,Mu_QCA_t01-1,Mutant ,,,,,,,,,
Mo22_0457,Mu_QCA_t01-2,Mutant ,,,,,,,,,
Mo22_0458,Mu_QCA_t01-3,Mutant ,,,,,,,,,
Mo22_0459,Mu_QCA_t01-1,Mutant ,,,,,,,,,
Mo22_0460,Mu_QCA_t01-2,Mutant ,,,,,,,,,
Mo22_0461,Mu_QCA_t01-3,Mutant ,,,,,,,,,
Mo22_0462,Mu_QCA_t02-1,Mutant ,,,,,,,,,
Mo22_0463,Mu_QCA_t02-2,Mutant ,,,,,,,,,
Mo22_0464,Mu_QCA_t02-3,Mutant ,,,,,,,,,
Mo22_0465,Mu_QCA_t02-1,Mutant ,,,,,,,,,
Mo22_0466,Mu_QCA_t02-2,Mutant ,,,,,,,,,
Mo22_0467,Mu_QCA_t02-3,Mutant ,,,,,,,,,
Mo22_0468,Mu_QCA_t03-1,Mutant ,,,,,,,,,
Mo22_0469,Mu_QCA_t03-2,Mutant ,,,,,,,,,
Mo22_0470,Mu_QCA_t03-3,Mutant ,,,,,,,,,
Mo22_0471,Mu_QCA_t03-1,Mutant ,,,,,,,,,
Mo22_0472,Mu_QCA_t03-2,Mutant ,,,,,,,,,
Mo22_0473,Mu_QCA_t03-3,Mutant ,,,,,,,,,
Mo22_0474,Mu_DIT_t00-1,Mutant ,,,,,,,,,
Mo22_0475,Mu_DIT_t00-1,Mutant ,,,,,,,,,
Mo22_0476,Mu_DIT_t01-1,Mutant ,,,,,,,,,
Mo22_0477,Mu_DIT_t01-2,Mutant ,,,,,,,,,
Mo22_0478,Mu_DIT_t01-3,Mutant ,,,,,,,,,
Mo22_0479,Mu_DIT_t01-1,Mutant ,,,,,,,,,
Mo22_0480,Mu_DIT_t01-2,Mutant ,,,,,,,,,
Mo22_0481,Mu_DIT_t01-3,Mutant ,,,,,,,,,
Mo22_0482,Mu_DIT_t02-1,Mutant ,,,,,,,,,
Mo22_0483,Mu_DIT_t02-2,Mutant ,,,,,,,,,
Mo22_0484,Mu_DIT_t02-3,Mutant ,,,,,,,,,
Mo22_0485,Mu_DIT_t02-1,Mutant ,,,,,,,,,
Mo22_0486,Mu_DIT_t02-2,Mutant ,,,,,,,,,
Mo22_0487,Mu_DIT_t02-3,Mutant ,,,,,,,,,
Mo22_0488,Mu_DIT_t03-1,Mutant ,,,,,,,,,
Mo22_0489,Mu_DIT_t03-2,Mutant ,,,,,,,,,
Mo22_0490,Mu_DIT_t03-3,Mutant ,,,,,,,,,
Mo22_0491,Mu_DIT_t03-1,Mutant ,,,,,,,,,
Mo22_0492,Mu_DIT_t03-2,Mutant ,,,,,,,,,
Mo22_0493,Mu_DIT_t03-3,Mutant ,,,,,,,,,
Mo22_0494,Mu_HXC_CTL-1,Mutant ,,,,,,,,,
Mo22_0495,Mu_HXC_CTL-2,Mutant ,,,,,,,,,
Mo22_0496,Mu_HXC_CTL-3,Mutant ,,,,,,,,,
Mo22_0497,Mu_HXC_CTL-1,Mutant ,,,,,,,,,
Mo22_0498,Mu_HXC_CTL-2,Mutant ,,,,,,,,,
Mo22_0499,Mu_HXC_CTL-3,Mutant ,,,,,,,,,
Mo22_0500,Mu_HXC_t00-1,Mutant ,,,,,,,,,
Mo22_0501,Mu_HXC_t00-1,Mutant ,,,,,,,,,
Mo22_0502,Mu_HXC_t01-1,Mutant ,,,,,,,,,
Mo22_0503,Mu_HXC_t01-2,Mutant ,,,,,,,,,
Mo22_0504,Mu_HXC_t01-3,Mutant ,,,,,,,,,
Mo22_0505,Mu_HXC_t01-1,Mutant ,,,,,,,,,
Mo22_0506,Mu_HXC_t01-2,Mutant ,,,,,,,,,
Mo22_0507,Mu_HXC_t01-3,Mutant ,,,,,,,,,
Mo22_0508,Mu_HXC_t02-1,Mutant ,,,,,,,,,
Mo22_0509,Mu_HXC_t02-2,Mutant ,,,,,,,,,
Mo22_0510,Mu_HXC_t02-3,Mutant ,,,,,,,,,
Mo22_0511,Mu_HXC_t02-1,Mutant ,,,,,,,,,
Mo22_0512,Mu_HXC_t02-2,Mutant ,,,,,,,,,
Mo22_0513,Mu_HXC_t02-3,Mutant ,,,,,,,,,
Mo22_0514,Mu_HXC_t03-1,Mutant ,,,,,,,,,
Mo22_0515,Mu_HXC_t03-2,Mutant ,,,,,,,,,
Mo22_0516,Mu_HXC_t03-3,Mutant ,,,,,,,,,
Mo22_0517,Mu_HXC_t03-1,Mutant ,,,,,,,,,
Mo22_0518,Mu_HXC_t03-2,Mutant ,,,,,,,,,
Mo22_0519,Mu_HXC_t03-3,Mutant ,,,,,,,,,
Mo22_0520,Mu_NHS_CTL-1,Mutant ,,,,,,,,,
Mo22_0521,Mu_NHS_CTL-2,Mutant ,,,,,,,,,
Mo22_0522,Mu_NHS_CTL-3,Mutant ,,,,,,,,,
Mo22_0523,Mu_NHS_CTL-1,Mutant ,,,,,,,,,
Mo22_0524,Mu_NHS_CTL-2,Mutant ,,,,,,,,,
Mo22_0525,Mu_NHS_CTL-3,Mutant ,,,,,,,,,
Mo22_0526,Mu_NHS_t00-1,Mutant ,,,,,,,,,
Mo22_0527,Mu_NHS_t00-1,Mutant ,,,,,,,,,
Mo22_0528,Mu_NHS_t01-1,Mutant ,,,,,,,,,
Mo22_0529,Mu_NHS_t01-2,Mutant ,,,,,,,,,
Mo22_0530,Mu_NHS_t01-3,Mutant ,,,,,,,,,
Mo22_0531,Mu_NHS_t01-1,Mutant ,,,,,,,,,
Mo22_0532,Mu_NHS_t01-2,Mutant ,,,,,,,,,
Mo22_0533,Mu_NHS_t01-3,Mutant ,,,,,,,,,
Mo22_0534,Mu_NHS_t02-1,Mutant ,,,,,,,,,
Mo22_0535,Mu_NHS_t02-2,Mutant ,,,,,,,,,
Mo22_0536,Mu_NHS_t02-3,Mutant ,,,,,,,,,
Mo22_0537,Mu_NHS_t02-1,Mutant ,,,,,,,,,
Mo22_0538,Mu_NHS_t02-2,Mutant ,,,,,,,,,
Mo22_0539,Mu_NHS_t02-3,Mutant ,,,,,,,,,
Mo22_0540,Mu_PTG_CTL-1,Mutant ,,,,,,,,,
Mo22_0541,Mu_PTG_CTL-2,Mutant ,,,,,,,,,
Mo22_0542,Mu_PTG_CTL-3,Mutant ,,,,,,,,,
Mo22_0543,Mu_PTG_CTL-1,Mutant ,,,,,,,,,
Mo22_0544,Mu_PTG_CTL-2,Mutant ,,,,,,,,,
Mo22_0545,Mu_PTG_CTL-3,Mutant ,,,,,,,,,
Mo22_0546,Mu_PTG_t00-1,Mutant ,,,,,,,,,
Mo22_0547,Mu_PTG_t00-1,Mutant ,,,,,,,,,
Mo22_0548,Mu_PTG_t01-1,Mutant ,,,,,,,,,
Mo22_0549,Mu_PTG_t01-2,Mutant ,,,,,,,,,
Mo22_0550,Mu_PTG_t01-3,Mutant ,,,,,,,,,
Mo22_0551,Mu_PTG_t01-1,Mutant ,,,,,,,,,
Mo22_0552,Mu_PTG_t01-2,Mutant ,,,,,,,,,
Mo22_0553,Mu_PTG_t01-3,Mutant ,,,,,,,,,
Mo22_0554,Mu_PTG_t02-1,Mutant ,,,,,,,,,
Mo22_0555,Mu_PTG_t02-2,Mutant ,,,,,,,,,
Mo22_0556,Mu_PTG_t02-3,Mutant ,,,,,,,,,
Mo22_0557,Mu_PTG_t02-1,Mutant ,,,,,,,,,
Mo22_0558,Mu_PTG_t02-2,Mutant ,,,,,,,,,
Mo22_0559,Mu_PTG_t02-3,Mutant ,,,,,,,,,
Mo22_0560,Mu_ambt_ctrl,Mutant ,,,,,,,,,
Mo22_0561,Mu_ambt_ctrl,Mutant ,,,,,,,,,
Mo22_0562,sterivexblank_1,Mutant ,4/11/22,500,,,,,,"PPL, TOC",LCMS Blank through sterivex
Mo22_0563,sterivexblank_2,Mutant ,4/11/22,,,,,,,TOC,LCMS Blank through sterivex
Mo22_0564,milliqcblank,Mutant ,4/11/22,1000,,,,,,"PPL, TOC","milliQ blank through sterivex with collapsable bottle, sat for 48 hours"
Mo22_0565,milliqbblank,Mutant ,4/11/22,1000,,,,,,"PPL, TOC","milliQ blank through sterivex with normal bottle, sat for 48 hours"
Mo22_0566,milliqblank_1,Mutant ,4/11/22,,,,,,,TOC,milliQ TOC blank from milliQ
Mo22_0567,milliqblank_2,Mutant ,4/11/22,,,,,,,TOC,milliQ TOC blank from milliQ
Mo22_0568,,Mutant ,,,,,,,,,
Mo22_0569,,Mutant ,,,,,,,,,
Mo22_0570,,Mutant ,,,,,,,,,
Mo22_0571,,Mutant ,,,,,,,,,
Mo22_0572,,Mutant ,,,,,,,,,
Mo22_0573,,Mutant ,,,,,,,,,
Mo22_0574,,Mutant ,,,,,,,,,
Mo22_0575,,Mutant ,,,,,,,,,
Mo22_0576,,Mutant ,,,,,,,,,
Mo22_0577,,Mutant ,,,,,,,,,
Mo22_0578,,Mutant ,,,,,,,,,
Mo22_0579,Mu_ambt_ctrl,Mutant ,,,,,,,,,
Mo22_0580,Mu_ambt_ctrl,Mutant ,,,,,,,,,
Mo22_0581,Mu_ambt_ctrl,Mutant ,,,,,Y,,,,
Mo22_0582,Mu_ambt_ctrl,Mutant ,,,,,,,,,
Mo22_0583,Mu_ambt_ctrl,Mutant ,,,,,,,,,
Mo22_0584,DC_A2_0404_09,DielCampfire,04/04/2022,400,LTER2,Environment,Y,Deployment 04/04,1,,
Mo22_0585,DC_A2_0404_12,DielCampfire,04/04/2022,400,LTER2,Environment,Y,Deployment 04/04,2,,
Mo22_0586,DC_A2_0404_15,DielCampfire,04/04/2022,400,LTER2,Environment,Y,Deployment 04/04,3,,
Mo22_0587,DC_A2_0404_18,DielCampfire,04/04/2022,400,LTER2,Environment,Y,Deployment 04/04,4,,
Mo22_0588,DC_A2_0404_21,DielCampfire,04/04/2022,400,LTER2,Environment,Y,Deployment 04/04,5,,
Mo22_0589,DC_A2_0405_00,DielCampfire,04/05/2022,400,LTER2,Environment,Y,Deployment 04/04,6,,
Mo22_0590,DC_A2_0405_03,DielCampfire,04/05/2022,400,LTER2,Environment,Y,Deployment 04/04,7,,
Mo22_0591,DC_A2_0405_06,DielCampfire,04/05/2022,300,LTER2,Environment,Y,Deployment 04/04,8,,
Mo22_0592,DC_A2_0405_09,DielCampfire,04/05/2022,400,LTER2,Environment,Y,Deployment 04/04,9,,
Mo22_0593,,,,,,,,,,,
Mo22_0594,,,,,,,,,,,
Mo22_0595,,,,,,,,,,,
Mo22_0596,,,,,,,,,,,
Mo22_0597,,,,,,,,,,,
Mo22_0598,,,,,,,,,,,
Mo22_0599,,,,,,,,,,,
Mo22_0600,,,,,,,,,,,
Mo22_0601,DC_A1_0407_15,DielCampfire,04/07/2022,400,LTER2,Environment,Y,,1,,
Mo22_0602,DC_A1_0407_18,DielCampfire,04/07/2022,400,LTER2,Environment,Y,,2,,
Mo22_0603,DC_A1_0407_21,DielCampfire,04/07/2022,400,LTER2,Environment,Y,,3,,
Mo22_0604,DC_A1_0408_00,DielCampfire,04/07/2022,0,LTER2,Environment,Y,,4,,
Mo22_0605,DC_A1_0408_03,DielCampfire,04/07/2022,0,LTER2,Environment,Y,,5,,
Mo22_0606,DC_A1_0408_06,DielCampfire,04/08/2022,400,LTER2,Environment,Y,,6,,
Mo22_0607,DC_A1_0408_09,DielCampfire,04/08/2022,250,LTER2,Environment,Y,,7,,
Mo22_0608,DC_A1_0408_12,DielCampfire,04/08/2022,0,LTER2,Environment,,,8,,
Mo22_0609,DC_A1_0408_15,DielCampfire,04/08/2022,0,LTER2,Environment,,,9,,
Mo22_0610,DC_A1_0408_18,DielCampfire,04/08/2022,0,LTER2,Environment,,,10,,
Mo22_0611,DC_A2_0407_15,DielCampfire,04/07/2022,400,LTER2,Environment,Y,,1,,
Mo22_0612,DC_A2_0407_18,DielCampfire,04/07/2022,400,LTER2,Environment,Y,,2,,
Mo22_0613,DC_A2_0407_21,DielCampfire,04/07/2022,400,LTER2,Environment,Y,,3,,
Mo22_0614,DC_A2_0408_00,DielCampfire,04/07/2022,400,LTER2,Environment,Y,,4,,
Mo22_0615,DC_A2_0408_03,DielCampfire,04/07/2022,0,LTER2,Environment,,,5,,
Mo22_0616,DC_A2_0408_06,DielCampfire,04/08/2022,400,LTER2,Environment,Y,,6,,
Mo22_0617,DC_A2_0408_09,DielCampfire,04/08/2022,400,LTER2,Environment,Y,,7,,
Mo22_0618,DC_A2_0408_12,DielCampfire,04/08/2022,0,LTER2,Environment,,,8,,
Mo22_0619,DC_A2_0408_15,DielCampfire,04/08/2022,0,LTER2,Environment,,,9,,
Mo22_0620,DC_A2_0408_18,DielCampfire,04/08/2022,0,LTER2,Environment,,,10,,
Mo22_0621,DC_A3_0407_15,DielCampfire,04/07/2022,0,LTER2,Environment,,,1,,
Mo22_0622,DC_A3_0407_18,DielCampfire,04/07/2022,0,LTER2,Environment,,,2,,
Mo22_0623,DC_A3_0407_21,DielCampfire,04/07/2022,0,LTER2,Environment,,,3,,
Mo22_0624,DC_A3_0408_00,DielCampfire,04/07/2022,0,LTER2,Environment,,,4,,
Mo22_0625,DC_A3_0408_03,DielCampfire,04/07/2022,0,LTER2,Environment,,,5,,
Mo22_0626,DC_A3_0408_06,DielCampfire,04/08/2022,0,LTER2,Environment,,,6,,
Mo22_0627,DC_A3_0408_09,DielCampfire,04/08/2022,0,LTER2,Environment,,,7,,
Mo22_0628,DC_A3_0408_12,DielCampfire,04/08/2022,0,LTER2,Environment,,,8,,
Mo22_0629,DC_A3_0408_15,DielCampfire,04/08/2022,0,LTER2,Environment,,,9,,
Mo22_0630,DC_A3_0408_18,DielCampfire,04/08/2022,0,LTER2,Environment,,,10,,
Mo22_0631,DB_A1_0411_12,DielBackreef,04/11/2022,400,LTER2,,,FCM,1,,
Mo22_0632,DB_A1_0411_15,DielBackreef,04/11/2022,400,LTER2,,,FCM,2,,
Mo22_0633,DB_A1_0411_18,DielBackreef,04/11/2022,400,LTER2,,,FCM,3,,
Mo22_0634,DB_A1_0411_21,DielBackreef,04/11/2022,400,LTER2,,,FCM,4,,
Mo22_0635,DB_A1_0412_00,DielBackreef,04/12/2022,400,LTER2,,,FCM,5,,
Mo22_0636,DB_A1_0412_03,DielBackreef,04/12/2022,0,LTER2,,,Syringe did not fire - no FCM,6,,
Mo22_0637,DB_A1_0412_06,DielBackreef,04/12/2022,400,LTER2,,,FCM,7,,
Mo22_0638,DB_A1_0412_09,DielBackreef,04/12/2022,400,LTER2,,,FCM,8,,
Mo22_0639,DB_A1_0412_12,DielBackreef,04/12/2022,400,LTER2,,,FCM,9,,
Mo22_0640,DB_A1_0412_15,DielBackreef,04/12/2022,0,LTER2,,,FCM,10,,
Mo22_0641,DB_A1_0412_18,DielBackreef,04/12/2022,0,LTER2,,,FCM,11,,
Mo22_0642,DB_A1_0412_21,DielBackreef,04/12/2022,0,LTER2,,,FCM,12,,
Mo22_0643,DB_A1_0413_00,DielBackreef,04/13/2022,0,LTER2,,,FCM,1,,
Mo22_0644,DB_A1_0413_03,DielBackreef,04/13/2022,0,LTER2,,,FCM,2,,
Mo22_0645,DB_A1_0413_06,DielBackreef,04/13/2022,0,LTER2,,,FCM,3,,
Mo22_0646,DB_A1_0413_09,DielBackreef,04/13/2022,0,LTER2,,,FCM,4,,
Mo22_0647,DB_A1_0413_12,DielBackreef,04/13/2022,400,LTER2,,Y,,5,,
Mo22_0648,DB_A1_0413_15,DielBackreef,04/13/2022,400,LTER2,,Y,,6,,
Mo22_0649,DB_A1_0413_18,DielBackreef,04/13/2022,400,LTER2,,Y,,7,,
Mo22_0650,DB_A1_0413_21,DielBackreef,04/13/2022,400,LTER2,,Y,,8,,
Mo22_0651,DB_A1_0414_00,DielBackreef,04/14/2022,400,LTER2,,Y,,9,,
Mo22_0652,DB_A1_0414_03,DielBackreef,04/14/2022,400,LTER2,,Y,,10,,
Mo22_0653,DB_A1_0414_06,DielBackreef,04/14/2022,400,LTER2,,Y,,11,,
Mo22_0654,DB_A1_0414_09,DielBackreef,04/14/2022,0,LTER2,,Y,,12,,
Mo22_0655,DB_A1_0414_12,DielBackreef,04/14/2022,400,LTER2,,Y,,1,,
Mo22_0656,DB_A1_0414_15,DielBackreef,04/14/2022,400,LTER2,,Y,,,,
Mo22_0657,DB_A1_0414_18,DielBackreef,04/14/2022,,LTER2,,Y,,,,
Mo22_0658,DB_A1_0414_21,DielBackreef,04/15/2022,,LTER2,,Y,,,,
Mo22_0659,DB_A1_0415_00,DielBackreef,04/15/2022,,LTER2,,Y,,,,
Mo22_0660,DB_A1_0415_03,DielBackreef,04/15/2022,,LTER2,,Y,,,,
Mo22_0661,DB_A2_0411_12,DielBackreef,04/11/2022,400,LTER6,,Y,,1,"Yellow/Green manta, Tampon 2",
Mo22_0662,DB_A2_0411_15,DielBackreef,04/11/2022,400,LTER6,,Y,,2,"Yellow/Green manta, Tampon 2",
Mo22_0663,DB_A2_0411_18,DielBackreef,04/11/2022,400,LTER6,,Y,,3,"Yellow/Green manta, Tampon 2",
Mo22_0664,DB_A2_0411_21,DielBackreef,04/11/2022,400,LTER6,,Y,,4,"Yellow/Green manta, Tampon 2",
Mo22_0665,DB_A2_0412_00,DielBackreef,04/12/2022,0,LTER6,,,,5,"Yellow/Green manta, Tampon 2",
Mo22_0666,DB_A2_0412_03,DielBackreef,04/12/2022,400,LTER6,,Y,,6,"Yellow/Green manta, Tampon 2",
Mo22_0667,DB_A2_0412_06,DielBackreef,04/12/2022,400,LTER6,,Y,,7,"Yellow/Green manta, Tampon 2",
Mo22_0668,DB_A2_0412_09,DielBackreef,04/12/2022,400,LTER6,,Y,Only FCM and Sterivex,8,"Yellow/Green manta, Tampon 2",
Mo22_0669,DB_A2_0412_12,DielBackreef,04/12/2022,400,LTER6,,Y,"Sterivex, Nutrients, fDOM, DOC",9,"Yellow/Green manta, Tampon 2",
Mo22_0670,DB_A2_0412_15,DielBackreef,04/12/2022,250,LTER6,,Y,"FCM, Sterivex, Nutrients, fDOM, DOC",10,"Yellow/Green manta, Tampon 2",
Mo22_0671,DB_A2_0412_18,DielBackreef,04/12/2022,400,LTER6,,Y,"Sterivex, Nutrients, fDOM, DOC",11,"Yellow/Green manta, Tampon 2",
Mo22_0672,DB_A2_0412_21,DielBackreef,04/12/2022,200,LTER6,,Y,"FCM, Sterivex, Nutrients, fDOM, DOC",12,"Yellow/Green manta, Tampon 2",
Mo22_0673,DB_A2_0413_00,DielBackreef,04/13/2022,400,LTER6,,Y,"Sterivex, Nutrients, fDOM, DOC",1,"Yellow/Green manta, Tampon 2",
Mo22_0674,DB_A2_0413_03,DielBackreef,04/13/2022,400,LTER6,,Y,"FCM, Sterivex, Nutrients, fDOM, DOC",2,"Yellow/Green manta, Tampon 2",
Mo22_0675,DB_A2_0413_06,DielBackreef,04/13/2022,0,LTER6,,Y,"FCM, Sterivex, Nutrients, fDOM, DOC",3,"Yellow/Green manta, Tampon 2",
Mo22_0676,DB_A2_0413_09,DielBackreef,04/13/2022,400,LTER6,,Y,"FCM, Sterivex, Nutrients, fDOM, DOC",4,"Yellow/Green manta, Tampon 2",
Mo22_0677,DB_A2_0413_12,DielBackreef,04/13/2022,400,LTER6,,,Tampon FCM,5,"Yellow/Green manta, Tampon 2",
Mo22_0678,DB_A2_0413_15,DielBackreef,04/13/2022,0,LTER6,,,Tampon FCM,6,"Yellow/Green manta, Tampon 2",
Mo22_0679,DB_A2_0413_18,DielBackreef,04/13/2022,0,LTER6,,,Tampon FCM,7,"Yellow/Green manta, Tampon 2",
Mo22_0680,DB_A2_0413_21,DielBackreef,04/13/2022,0,LTER6,,Y,Tampon FCM,8,"Yellow/Green manta, Tampon 2",
Mo22_0681,DB_A2_0414_00,DielBackreef,04/14/2022,400,LTER6,,,Tampon FCM,9,"Yellow/Green manta, Tampon 2",
Mo22_0682,DB_A2_0414_03,DielBackreef,04/14/2022,400,LTER6,,Y,Tampon FCM,10,"Yellow/Green manta, Tampon 2",
Mo22_0683,DB_A2_0414_06,DielBackreef,04/14/2022,400,LTER6,,Y,Tampon FCM,11,"Yellow/Green manta, Tampon 2",
Mo22_0684,DB_A2_0414_09,DielBackreef,04/14/2022,,LTER6,,,,12,"Yellow/Green manta, Tampon 2",
Mo22_0685,DB_A2_0414_12,DielBackreef,04/14/2022,,LTER6,,,,1,"Yellow/Green manta, Tampon 2",
Mo22_0686,DB_A2_0414_15,DielBackreef,04/14/2022,,LTER6,,,,,,
Mo22_0687,DB_A2_0414_18,DielBackreef,04/14/2022,,LTER6,,,,,,
Mo22_0688,DB_A2_0414_21,DielBackreef,04/14/2022,,LTER6,,,,,,
Mo22_0689,DB_A2_0415_00,DielBackreef,04/15/2022,,LTER6,,,,,,
Mo22_0690,DB_A2_0415_03,DielBackreef,04/15/2022,,LTER6,,,,,,
Mo22_0691,DB_A2_0415_06,DielBackreef,04/15/2022,,LTER6,,,,,,
Mo22_0692,DB_A2_0415_09,DielBackreef,04/15/2022,,LTER6,,,,,,
Mo22_0693,DB_A2_0415_12,DielBackreef,04/15/2022,,LTER6,,,,,,
Mo22_0694,DB_A1_0415_06,DielBackreef,04/15/2022,,LTER2,,Y,,,,
Mo22_0695,DB_A1_0415_09,DielBackreef,04/15/2022,,LTER2,,Y,,,,
Mo22_0696,Blank_RRCoral,Blank,04/15/2022,600,Blank,,,,,,
Mo22_0697,Blank_Autosmpler1,Blank,04/15/2022,500,Blank,,,,,,
Mo22_0698,Blank_Autosmpler2,Blank,04/15/2022,500,Blank,,,,,,
Mo22_0699,Blank_Autosmpler3,Blank,04/15/2022,500,Blank,,,,,,
Mo22_0700,Blank_pump1,Blank,04/15/2022,600,Blank,,,,,,
Mo22_0701,Blank_pump2,Blank,04/15/2022,600,Blank,,,,,,
Mo22_0702,Blank_pump3_gff,Blank,04/15/2022,600,Blank,,,,,,
Mo22_0703,,,,,,,,,,,
Mo22_0704,,,,,,,,,,,
Mo22_0705,,,,,,,,,,,
Mo22_0706,,,,,,,,,,,
Mo22_0707,,,,,,,,,,,
Mo22_0708,,,,,,,,,,,
Mo22_0709,,,,,,,,,,,
Mo22_0710,,,,,,,,,,,
Mo22_0711,,,,,,,,,,,
Mo22_0712,,,,,,,,,,,
Mo22_0713,,,,,,,,,,,
Mo22_0714,,,,,,,,,,,
Mo22_0715,,,,,,,,,,,
Mo22_0716,,,,,,,,,,,
Mo22_0717,,,,,,,,,,,
Mo22_0718,,,,,,,,,,,
Mo22_0719,,,,,,,,,,,
Mo22_0720,,,,,,,,,,,
Mo22_0721,LTER2_0414_0400p,TheUsualSuspects,04/14/2022,0,LTER2,Environment,,,,,
Mo22_0722,LTER1_0414_0430p,TheUsualSuspects,04/14/2022,0,LTER1,Environment,,,,,
Mo22_0723,LTER2_0415_0930a,TheUsualSuspects,04/15/2022,0,LTER2,Environment,,,,,
Mo22_0724,PsychroFringing_0415_1000a,TheUsualSuspects,04/15/2022,0,Fringing LTER1,Environment,,,,,
Mo22_0725,LTER1_0415_1030a,TheUsualSuspects,04/15/2022,0,LTER1,Environment,,,,,
Mo22_0726,,,,,,,,,,,
Mo22_0727,,,,,,,,,,,
Mo22_0728,,,,,,,,,,,
Mo22_0729,,,,,,,,,,,
Mo22_0730,TURNT_055,TURNT,,,,,,,,,
Mo22_0731,TURNT_056,TURNT,,,,,,,,,
Mo22_0732,TURNT_057,TURNT,,,,,,,,,
Mo22_0733,TURNT_058,TURNT,,,,,,,,,
Mo22_0734,TURNT_059,TURNT,,,,,,,,,
Mo22_0735,TURNT_060,TURNT,,,,,,,,,
Mo22_0736,TURNT_061,TURNT,,,,,,,,,
Mo22_0737,TURNT_062,TURNT,,,,,,,,,
Mo22_0738,,,,,,,,,,,
Mo22_0739,,,,,,,,,,,
Mo22_0740,,,,,,,,,,,
Mo22_0741,,,,,,,,,,,
Mo22_0742,,,,,,,,,,,
Mo22_0743,,,,,,,,,,,
Mo22_0744,,,,,,,,,,,
Mo22_0745,,,,,,,,,,,
Mo22_0746,,,,,,,,,,,
Mo22_0747,,,,,,,,,,,
Mo22_0748,,,,,,,,,,,
Mo22_0749,,,,,,,,,,,
Mo22_0750,FSW1_T0,RRCoral ,04/09/2022,700,Aquaria ,Exudation Experiment ,Y,,,"FCM, Sterivex, Nutrients, fDOM, DOC, PPL",
Mo22_0751,FSW2_T0,RRCoral ,04/09/2022,700,Aquaria ,Exudation Experiment ,Y,,,"FCM, Sterivex, Nutrients, fDOM, DOC, PPL",
Mo22_0752,FSW3_T0,RRCoral ,04/09/2022,700,Aquaria ,Exudation Experiment ,Y,,,"FCM, Sterivex, Nutrients, fDOM, DOC, PPL",
Mo22_0753,C_1_Tf,RRCoral ,04/09/2022,700,Aquaria ,Exudation Experiment ,Y,,,"FCM, Sterivex, Nutrients, fDOM, DOC, PPL",
Mo22_0754,C_2_Tf,RRCoral ,04/09/2022,700,Aquaria ,Exudation Experiment ,Y,,,"FCM, Sterivex, Nutrients, fDOM, DOC, PPL",
Mo22_0755,C_3_Tf,RRCoral ,04/09/2022,700,Aquaria ,Exudation Experiment ,Y,,,"FCM, Sterivex, Nutrients, fDOM, DOC, PPL",
Mo22_0756,AC_1_Tf,RRCoral ,04/09/2022,700,Aquaria ,Exudation Experiment ,Y,,,"FCM, Sterivex, Nutrients, fDOM, DOC, PPL",
Mo22_0757,AC_2_Tf,RRCoral ,04/09/2022,700,Aquaria ,Exudation Experiment ,Y,,,"FCM, Sterivex, Nutrients, fDOM, DOC, PPL",
Mo22_0758,AC_3_Tf,RRCoral ,04/09/2022,700,Aquaria ,Exudation Experiment ,Y,,,"FCM, Sterivex, Nutrients, fDOM, DOC, PPL",
Mo22_0759,NAC_1_Tf,RRCoral ,04/09/2022,700,Aquaria ,Exudation Experiment ,,,,"FCM, Sterivex, Nutrients, fDOM, DOC, PPL",
Mo22_0760,NAC_2_Tf,RRCoral ,04/09/2022,700,Aquaria ,Exudation Experiment ,Y,,,"FCM, Sterivex, Nutrients, fDOM, DOC, PPL",
Mo22_0761,NAC_3_Tf,RRCoral ,04/09/2022,700,Aquaria ,Exudation Experiment ,Y,Aquaria skuzzy/murky  & sterivex popped off into PPL collection container ,,"FCM, Sterivex, Nutrients, fDOM, DOC, PPL",
Mo22_0762,POM_1_Tf,RRCoral ,04/09/2022,700,Aquaria ,Exudation Experiment ,Y,,,"FCM, Sterivex, Nutrients, fDOM, DOC, PPL",
Mo22_0763,POM_2_Tf,RRCoral ,04/09/2022,700,Aquaria ,Exudation Experiment ,Y,,,"FCM, Sterivex, Nutrients, fDOM, DOC, PPL",
Mo22_0764,POM_3_Tf,RRCoral ,04/09/2022,700,Aquaria ,Exudation Experiment ,Y,,,"FCM, Sterivex, Nutrients, fDOM, DOC, PPL",
Mo22_0765,NPOM_1_Tf,RRCoral ,04/09/2022,700,Aquaria ,Exudation Experiment ,Y,,,"FCM, Sterivex, Nutrients, fDOM, DOC, PPL",
Mo22_0766,NPOM_2_Tf,RRCoral ,04/09/2022,700,Aquaria ,Exudation Experiment ,Y,,,"FCM, Sterivex, Nutrients, fDOM, DOC, PPL",
Mo22_0767,NPOM_3_Tf,RRCoral ,04/09/2022,700,Aquaria ,Exudation Experiment ,Y,,,"FCM, Sterivex, Nutrients, fDOM, DOC, PPL",
Mo22_0768,POV_1_Tf,RRCoral ,04/09/2022,700,Aquaria ,Exudation Experiment ,Y,,,"FCM, Sterivex, Nutrients, fDOM, DOC, PPL",
Mo22_0769,POV_2_Tf,RRCoral ,04/09/2022,700,Aquaria ,Exudation Experiment ,Y,,,"FCM, Sterivex, Nutrients, fDOM, DOC, PPL",
Mo22_0770,POV_3_Tf,RRCoral ,04/09/2022,700,Aquaria ,Exudation Experiment ,Y,,,"FCM, Sterivex, Nutrients, fDOM, DOC, PPL",
Mo22_0771,NPOV_1_Tf,RRCoral ,04/09/2022,700,Aquaria ,Exudation Experiment ,Y,,,"FCM, Sterivex, Nutrients, fDOM, DOC, PPL",
Mo22_0772,NPOV_2_Tf,RRCoral ,04/09/2022,700,Aquaria ,Exudation Experiment ,Y,,,"FCM, Sterivex, Nutrients, fDOM, DOC, PPL",
Mo22_0773,NPOV_3_Tf,RRCoral ,04/09/2022,700,Aquaria ,Exudation Experiment ,Y,,,"FCM, Sterivex, Nutrients, fDOM, DOC, PPL",
Mo22_0774,FSW2_1,RRCoral ,04/13/2022,600,Aquaria ,Exudation Experiment ,Y,,,"FCM, Sterivex, Nutrients, fDOM, DOC, PPL",
Mo22_0775,FSW2_2,RRCoral ,04/13/2022,600,Aquaria ,Exudation Experiment ,Y,,,"FCM, Sterivex, Nutrients, fDOM, DOC, PPL",
Mo22_0776,FSW2_3,RRCoral ,04/13/2022,600,Aquaria ,Exudation Experiment ,Y,,,"FCM, Sterivex, Nutrients, fDOM, DOC, PPL",
Mo22_0777,C2_1,RRCoral ,04/13/2022,700,Aquaria ,Exudation Experiment ,Y,,,"FCM, Sterivex, Nutrients, fDOM, DOC, PPL",
Mo22_0778,C2_2,RRCoral ,04/13/2022,700,Aquaria ,Exudation Experiment ,Y,,,"FCM, Sterivex, Nutrients, fDOM, DOC, PPL",
Mo22_0779,C2_3,RRCoral ,04/13/2022,700,Aquaria ,Exudation Experiment ,Y,,,"FCM, Sterivex, Nutrients, fDOM, DOC, PPL",
Mo22_0780,PA_1,RRCoral ,04/13/2022,700,Aquaria ,Exudation Experiment ,Y,,,"FCM, Sterivex, Nutrients, fDOM, DOC, PPL",
Mo22_0781,PA_2,RRCoral ,04/13/2022,650,Aquaria ,Exudation Experiment ,Y,,,"FCM, Sterivex, Nutrients, fDOM, DOC, PPL",
Mo22_0782,PA_3,RRCoral ,04/13/2022,700,Aquaria ,Exudation Experiment ,Y,,,"FCM, Sterivex, Nutrients, fDOM, DOC, PPL",
Mo22_0783,NPA_1,RRCoral ,04/13/2022,700,Aquaria ,Exudation Experiment ,Y,,,"FCM, Sterivex, Nutrients, fDOM, DOC, PPL",
Mo22_0784,NPA_2,RRCoral ,04/13/2022,700,Aquaria ,Exudation Experiment ,Y,,,"FCM, Sterivex, Nutrients, fDOM, DOC, PPL",
Mo22_0785,NPA_3,RRCoral ,04/13/2022,700,Aquaria ,Exudation Experiment ,Y,,,"FCM, Sterivex, Nutrients, fDOM, DOC, PPL",
Mo22_0786,HA_1,RRCoral ,04/13/2022,700,Aquaria ,Exudation Experiment ,Y,,,"FCM, Sterivex, Nutrients, fDOM, DOC, PPL",
Mo22_0787,HA_2,RRCoral ,04/13/2022,700,Aquaria ,Exudation Experiment ,Y,,,"FCM, Sterivex, Nutrients, fDOM, DOC, PPL",
Mo22_0788,HA_3,RRCoral ,04/13/2022,650,Aquaria ,Exudation Experiment ,Y,,,"FCM, Sterivex, Nutrients, fDOM, DOC, PPL",
Mo22_0789,NHA_1,RRCoral ,04/13/2022,700,Aquaria ,Exudation Experiment ,Y,,,"FCM, Sterivex, Nutrients, fDOM, DOC, PPL",
Mo22_0790,NHA_2,RRCoral ,04/13/2022,700,Aquaria ,Exudation Experiment ,Y,,,"FCM, Sterivex, Nutrients, fDOM, DOC, PPL",
Mo22_0791,NHA_3,RRCoral ,04/13/2022,700,Aquaria ,Exudation Experiment ,Y,,,"FCM, Sterivex, Nutrients, fDOM, DOC, PPL",
Mo22_0792,AS_1,RRCoral ,04/13/2022,550,Aquaria ,Exudation Experiment ,Y,murky/skuzzy aquaria ,,"FCM, Sterivex, Nutrients, fDOM, DOC, PPL",
Mo22_0793,AS_2,RRCoral ,04/13/2022,550,Aquaria ,Exudation Experiment ,Y,,,"FCM, Sterivex, Nutrients, fDOM, DOC, PPL",
Mo22_0794,AS_3,RRCoral ,04/13/2022,700,Aquaria ,Exudation Experiment ,Y,murky/skuzzy aquaria ,,"FCM, Sterivex, Nutrients, fDOM, DOC, PPL",
Mo22_0795,NAS_1,RRCoral ,04/13/2022,650,Aquaria ,Exudation Experiment ,Y,,,"FCM, Sterivex, Nutrients, fDOM, DOC, PPL",
Mo22_0796,NAS_2,RRCoral ,04/13/2022,700,Aquaria ,Exudation Experiment ,Y,,,"FCM, Sterivex, Nutrients, fDOM, DOC, PPL",
Mo22_0797,NAS_3,RRCoral ,04/13/2022,500,Aquaria ,Exudation Experiment ,Y,,,"FCM, Sterivex, Nutrients, fDOM, DOC, PPL",
Mo22_0798,POVB2_1,RRCoral ,04/13/2022,700,Aquaria ,Exudation Experiment ,Y,,,"FCM, Sterivex, Nutrients, fDOM, DOC, PPL",
Mo22_0799,POVB2_2,RRCoral ,04/13/2022,700,Aquaria ,Exudation Experiment ,Y,,,"FCM, Sterivex, Nutrients, fDOM, DOC, PPL",
Mo22_0800,POVB2_3,RRCoral ,04/13/2022,700,Aquaria ,Exudation Experiment ,Y,,,"FCM, Sterivex, Nutrients, fDOM, DOC, PPL",
Mo22_0801,,,,,,,,,,,
Mo22_0802,,,,,,,,,,,
Mo22_0803,,,,,,,,,,,
Mo22_0804,,,,,,,,,,,
Mo22_0805,,,,,,,,,,,
Mo22_0806,,,,,,,,,,,
Mo22_0807,,,,,,,,,,,
Mo22_0808,TURNT_063,TURNT,,,,,,,,,
Mo22_0809,TURNT_064,TURNT,,,,,,,,,
Mo22_0810,TURNT_065,TURNT,,,,,,,,,
Mo22_0811,TURNT_066,TURNT,,,,,,,,,
Mo22_0812,TURNT_067,TURNT,,,,,,,,,
Mo22_0813,TURNT_068,TURNT,,,,,,,,,
Mo22_0814,TURNT_069,TURNT,,,,,,,,,
Mo22_0815,TURNT_070,TURNT,,,,,,,,,
Mo22_0816,TURNT_071,TURNT,,,,,,,,,
Mo22_0817,TURNT_072,TURNT,,,,,,,,,
Mo22_0818,TURNT_073,TURNT,,,,,,,,,
Mo22_0819,TURNT_074,TURNT,,,,,,,,,
Mo22_0820,TURNT_075,TURNT,,,,,,,,,
Mo22_0821,TURNT_076,TURNT,,,,,,,,,
Mo22_0822,TURNT_077,TURNT,,,,,,,,,
Mo22_0823,TURNT_078,TURNT,,,,,,,,,
Mo22_0824,TURNT_079,TURNT,,,,,,,,,
Mo22_0825,TURNT_080,TURNT,,,,,,,,,
Mo22_0826,TURNT_081,TURNT,,,,,,,,,
Mo22_0827,TURNT_082,TURNT,,,,,,,,,
Mo22_0828,TURNT_083,TURNT,,,,,,,,,
Mo22_0829,TURNT_084,TURNT,,,,,,,,,
Mo22_0830,TURNT_085,TURNT,,,,,,,,,
Mo22_0831,TURNT_086,TURNT,,,,,,,,,
Mo22_0832,TURNT_087,TURNT,,,,,,,,,
Mo22_0833,TURNT_088,TURNT,,,,,,,,,
Mo22_0834,TURNT_089,TURNT,,,,,,,,,
Mo22_0835,TURNT_090,TURNT,,,,,,,,,
Mo22_0836,TURNT_091,TURNT,,,,,,,,,
Mo22_0837,TURNT_092,TURNT,,,,,,,,,
Mo22_0838,TURNT_093,TURNT,,,,,,,,,
Mo22_0839,TURNT_094,TURNT,,,,,,,,,
Mo22_0840,TURNT_095,TURNT,,,,,,,,,
Mo22_0841,TURNT_096,TURNT,,,,,,,,,
Mo22_0842,TURNT_097,TURNT,,,,,,,,,
Mo22_0843,TURNT_098,TURNT,,,,,,,,,
Mo22_0844,TURNT_099,TURNT,,,,,,,,,
Mo22_0845,TURNT_100,TURNT,,,,,,,,,
Mo22_0846,TURNT_101,TURNT,,,,,,,,,